step,tokens,train_ce,aux_loss,lr
1,8192,9.15432,0.00000,6.1475e-06
2,16384,9.07973,0.00000,1.2295e-05
3,24576,8.95045,0.00000,1.8443e-05
4,32768,8.78149,0.00000,2.4590e-05
5,40960,8.66105,0.00000,3.0738e-05
6,49152,8.53646,0.00000,3.6885e-05
7,57344,8.48722,0.00000,4.3033e-05
8,65536,8.40969,0.00000,4.9180e-05
9,73728,8.36239,0.00000,5.5328e-05
10,81920,8.35625,0.00000,6.1475e-05
11,90112,8.33512,0.00000,6.7623e-05
12,98304,8.28565,0.00000,7.3770e-05
13,106496,8.21539,0.00000,7.9918e-05
14,114688,8.22289,0.00000,8.6066e-05
15,122880,8.12118,0.00000,9.2213e-05
16,131072,8.08716,0.00000,9.8361e-05
17,139264,8.08660,0.00000,1.0451e-04
18,147456,8.08998,0.00000,1.1066e-04
19,155648,7.94953,0.00000,1.1680e-04
20,163840,7.95278,0.00000,1.2295e-04
21,172032,7.88073,0.00000,1.2910e-04
22,180224,7.80078,0.00000,1.3525e-04
23,188416,7.83576,0.00000,1.4139e-04
24,196608,7.77038,0.00000,1.4754e-04
25,204800,7.76200,0.00000,1.5369e-04
26,212992,7.72003,0.00000,1.5984e-04
27,221184,7.61476,0.00000,1.6598e-04
28,229376,7.63596,0.00000,1.7213e-04
29,237568,7.49344,0.00000,1.7828e-04
30,245760,7.54669,0.00000,1.8443e-04
31,253952,7.47118,0.00000,1.9057e-04
32,262144,7.36536,0.00000,1.9672e-04
33,270336,7.38183,0.00000,2.0287e-04
34,278528,7.34774,0.00000,2.0902e-04
35,286720,7.31478,0.00000,2.1516e-04
36,294912,7.22537,0.00000,2.2131e-04
37,303104,7.24900,0.00000,2.2746e-04
38,311296,7.18094,0.00000,2.3361e-04
39,319488,7.27277,0.00000,2.3975e-04
40,327680,7.07230,0.00000,2.4590e-04
41,335872,7.23505,0.00000,2.5205e-04
42,344064,7.05831,0.00000,2.5820e-04
43,352256,7.08074,0.00000,2.6434e-04
44,360448,7.06094,0.00000,2.7049e-04
45,368640,7.11728,0.00000,2.7664e-04
46,376832,6.98644,0.00000,2.8279e-04
47,385024,6.99922,0.00000,2.8893e-04
48,393216,7.08674,0.00000,2.9508e-04
49,401408,7.01662,0.00000,3.0123e-04
50,409600,6.96706,0.00000,3.0738e-04
51,417792,6.93515,0.00000,3.1352e-04
52,425984,6.93324,0.00000,3.1967e-04
53,434176,6.97900,0.00000,3.2582e-04
54,442368,6.94594,0.00000,3.3197e-04
55,450560,6.99833,0.00000,3.3811e-04
56,458752,7.00671,0.00000,3.4426e-04
57,466944,6.93070,0.00000,3.5041e-04
58,475136,6.89935,0.00000,3.5656e-04
59,483328,6.82567,0.00000,3.6270e-04
60,491520,6.96695,0.00000,3.6885e-04
61,499712,6.80495,0.00000,3.7500e-04
62,507904,6.81947,0.00000,3.8115e-04
63,516096,6.80165,0.00000,3.8730e-04
64,524288,7.10605,0.00000,3.9344e-04
65,532480,6.81195,0.00000,3.9959e-04
66,540672,6.79099,0.00000,4.0574e-04
67,548864,6.81299,0.00000,4.1189e-04
68,557056,6.71996,0.00000,4.1803e-04
69,565248,6.92598,0.00000,4.2418e-04
70,573440,6.94084,0.00000,4.3033e-04
71,581632,6.80797,0.00000,4.3648e-04
72,589824,6.70278,0.00000,4.4262e-04
73,598016,6.70360,0.00000,4.4877e-04
74,606208,6.83652,0.00000,4.5492e-04
75,614400,6.76441,0.00000,4.6107e-04
76,622592,6.67163,0.00000,4.6721e-04
77,630784,6.63113,0.00000,4.7336e-04
78,638976,6.63403,0.00000,4.7951e-04
79,647168,6.64077,0.00000,4.8566e-04
80,655360,6.57546,0.00000,4.9180e-04
81,663552,6.67923,0.00000,4.9795e-04
82,671744,6.65234,0.00000,5.0410e-04
83,679936,6.58257,0.00000,5.1025e-04
84,688128,6.57352,0.00000,5.1639e-04
85,696320,6.52853,0.00000,5.2254e-04
86,704512,6.60447,0.00000,5.2869e-04
87,712704,6.56965,0.00000,5.3484e-04
88,720896,6.56496,0.00000,5.4098e-04
89,729088,6.47651,0.00000,5.4713e-04
90,737280,6.48057,0.00000,5.5328e-04
91,745472,6.50005,0.00000,5.5943e-04
92,753664,6.49866,0.00000,5.6557e-04
93,761856,6.43843,0.00000,5.7172e-04
94,770048,6.44457,0.00000,5.7787e-04
95,778240,6.58966,0.00000,5.8402e-04
96,786432,6.37619,0.00000,5.9016e-04
97,794624,6.42833,0.00000,5.9631e-04
98,802816,6.35209,0.00000,6.0246e-04
99,811008,6.39391,0.00000,6.0861e-04
100,819200,6.40286,0.00000,6.1475e-04
101,827392,6.42506,0.00000,6.2090e-04
102,835584,6.46035,0.00000,6.2705e-04
103,843776,6.38930,0.00000,6.3320e-04
104,851968,6.35105,0.00000,6.3934e-04
105,860160,6.40518,0.00000,6.4549e-04
106,868352,6.37475,0.00000,6.5164e-04
107,876544,6.47538,0.00000,6.5779e-04
108,884736,6.37881,0.00000,6.6393e-04
109,892928,6.42923,0.00000,6.7008e-04
110,901120,6.39478,0.00000,6.7623e-04
111,909312,6.40298,0.00000,6.8238e-04
112,917504,6.36757,0.00000,6.8852e-04
113,925696,6.29534,0.00000,6.9467e-04
114,933888,6.36642,0.00000,7.0082e-04
115,942080,6.35404,0.00000,7.0697e-04
116,950272,6.16389,0.00000,7.1311e-04
117,958464,6.24748,0.00000,7.1926e-04
118,966656,6.18935,0.00000,7.2541e-04
119,974848,6.30077,0.00000,7.3156e-04
120,983040,6.30174,0.00000,7.3770e-04
121,991232,6.31852,0.00000,7.4385e-04
122,999424,6.29215,0.00000,7.5000e-04
123,1007616,6.23488,0.00000,7.5000e-04
124,1015808,6.22274,0.00000,7.5000e-04
125,1024000,6.20279,0.00000,7.5000e-04
126,1032192,6.24748,0.00000,7.5000e-04
127,1040384,6.23112,0.00000,7.5000e-04
128,1048576,6.29365,0.00000,7.5000e-04
129,1056768,6.24663,0.00000,7.5000e-04
130,1064960,6.22204,0.00000,7.5000e-04
131,1073152,6.13242,0.00000,7.5000e-04
132,1081344,6.28845,0.00000,7.5000e-04
133,1089536,6.22067,0.00000,7.5000e-04
134,1097728,6.12755,0.00000,7.4999e-04
135,1105920,6.17432,0.00000,7.4999e-04
136,1114112,6.11988,0.00000,7.4999e-04
137,1122304,6.23900,0.00000,7.4999e-04
138,1130496,6.15573,0.00000,7.4999e-04
139,1138688,6.21334,0.00000,7.4999e-04
140,1146880,6.15684,0.00000,7.4999e-04
141,1155072,6.06629,0.00000,7.4998e-04
142,1163264,6.18448,0.00000,7.4998e-04
143,1171456,6.24551,0.00000,7.4998e-04
144,1179648,6.10295,0.00000,7.4998e-04
145,1187840,6.11739,0.00000,7.4998e-04
146,1196032,6.15391,0.00000,7.4998e-04
147,1204224,6.12242,0.00000,7.4997e-04
148,1212416,6.08440,0.00000,7.4997e-04
149,1220608,6.22004,0.00000,7.4997e-04
150,1228800,5.98742,0.00000,7.4997e-04
151,1236992,6.17060,0.00000,7.4996e-04
152,1245184,6.15356,0.00000,7.4996e-04
153,1253376,6.05541,0.00000,7.4996e-04
154,1261568,6.07890,0.00000,7.4996e-04
155,1269760,6.16445,0.00000,7.4995e-04
156,1277952,6.03644,0.00000,7.4995e-04
157,1286144,6.07482,0.00000,7.4995e-04
158,1294336,6.08250,0.00000,7.4994e-04
159,1302528,5.98361,0.00000,7.4994e-04
160,1310720,6.08862,0.00000,7.4994e-04
161,1318912,5.99161,0.00000,7.4993e-04
162,1327104,6.07472,0.00000,7.4993e-04
163,1335296,6.00978,0.00000,7.4993e-04
164,1343488,5.98722,0.00000,7.4992e-04
165,1351680,5.95970,0.00000,7.4992e-04
166,1359872,6.03880,0.00000,7.4991e-04
167,1368064,6.00851,0.00000,7.4991e-04
168,1376256,6.02228,0.00000,7.4991e-04
169,1384448,6.10348,0.00000,7.4990e-04
170,1392640,6.01664,0.00000,7.4990e-04
171,1400832,6.03117,0.00000,7.4989e-04
172,1409024,5.92811,0.00000,7.4989e-04
173,1417216,5.94771,0.00000,7.4988e-04
174,1425408,5.96983,0.00000,7.4988e-04
175,1433600,5.97604,0.00000,7.4987e-04
176,1441792,6.04721,0.00000,7.4987e-04
177,1449984,5.99092,0.00000,7.4986e-04
178,1458176,5.95576,0.00000,7.4986e-04
179,1466368,5.95901,0.00000,7.4985e-04
180,1474560,5.94423,0.00000,7.4985e-04
181,1482752,5.88400,0.00000,7.4984e-04
182,1490944,6.08617,0.00000,7.4984e-04
183,1499136,5.94838,0.00000,7.4983e-04
184,1507328,5.95293,0.00000,7.4983e-04
185,1515520,5.91564,0.00000,7.4982e-04
186,1523712,5.98806,0.00000,7.4982e-04
187,1531904,5.95623,0.00000,7.4981e-04
188,1540096,5.86106,0.00000,7.4980e-04
189,1548288,5.94129,0.00000,7.4980e-04
190,1556480,5.85545,0.00000,7.4979e-04
191,1564672,5.90977,0.00000,7.4978e-04
192,1572864,5.93905,0.00000,7.4978e-04
193,1581056,5.93975,0.00000,7.4977e-04
194,1589248,5.86370,0.00000,7.4977e-04
195,1597440,5.91128,0.00000,7.4976e-04
196,1605632,5.92558,0.00000,7.4975e-04
197,1613824,5.89933,0.00000,7.4975e-04
198,1622016,5.81700,0.00000,7.4974e-04
199,1630208,5.89087,0.00000,7.4973e-04
200,1638400,5.92121,0.00000,7.4972e-04
201,1646592,5.84794,0.00000,7.4972e-04
202,1654784,5.83551,0.00000,7.4971e-04
203,1662976,5.94419,0.00000,7.4970e-04
204,1671168,5.97775,0.00000,7.4969e-04
205,1679360,5.91467,0.00000,7.4969e-04
206,1687552,5.97968,0.00000,7.4968e-04
207,1695744,5.81768,0.00000,7.4967e-04
208,1703936,5.87509,0.00000,7.4966e-04
209,1712128,5.78581,0.00000,7.4966e-04
210,1720320,5.80253,0.00000,7.4965e-04
211,1728512,5.83270,0.00000,7.4964e-04
212,1736704,5.82512,0.00000,7.4963e-04
213,1744896,5.87095,0.00000,7.4962e-04
214,1753088,5.92849,0.00000,7.4961e-04
215,1761280,5.73983,0.00000,7.4961e-04
216,1769472,5.77574,0.00000,7.4960e-04
217,1777664,5.86548,0.00000,7.4959e-04
218,1785856,5.80003,0.00000,7.4958e-04
219,1794048,5.74868,0.00000,7.4957e-04
220,1802240,5.88147,0.00000,7.4956e-04
221,1810432,5.75721,0.00000,7.4955e-04
222,1818624,5.80311,0.00000,7.4954e-04
223,1826816,5.79828,0.00000,7.4953e-04
224,1835008,5.79694,0.00000,7.4953e-04
225,1843200,5.80711,0.00000,7.4952e-04
226,1851392,5.76717,0.00000,7.4951e-04
227,1859584,5.81350,0.00000,7.4950e-04
228,1867776,5.68433,0.00000,7.4949e-04
229,1875968,5.76604,0.00000,7.4948e-04
230,1884160,5.86733,0.00000,7.4947e-04
231,1892352,5.80558,0.00000,7.4946e-04
232,1900544,5.77406,0.00000,7.4945e-04
233,1908736,5.86730,0.00000,7.4944e-04
234,1916928,5.75939,0.00000,7.4943e-04
235,1925120,5.70442,0.00000,7.4942e-04
236,1933312,5.74450,0.00000,7.4941e-04
237,1941504,5.73919,0.00000,7.4940e-04
238,1949696,5.73560,0.00000,7.4938e-04
239,1957888,5.69128,0.00000,7.4937e-04
240,1966080,5.85910,0.00000,7.4936e-04
241,1974272,5.75523,0.00000,7.4935e-04
242,1982464,5.75047,0.00000,7.4934e-04
243,1990656,5.71470,0.00000,7.4933e-04
244,1998848,5.70177,0.00000,7.4932e-04
245,2007040,5.71977,0.00000,7.4931e-04
246,2015232,5.75746,0.00000,7.4930e-04
247,2023424,5.73666,0.00000,7.4928e-04
248,2031616,5.80550,0.00000,7.4927e-04
249,2039808,5.68300,0.00000,7.4926e-04
250,2048000,5.76281,0.00000,7.4925e-04
251,2056192,5.71062,0.00000,7.4924e-04
252,2064384,5.65765,0.00000,7.4923e-04
253,2072576,5.67026,0.00000,7.4921e-04
254,2080768,5.62637,0.00000,7.4920e-04
255,2088960,5.69019,0.00000,7.4919e-04
256,2097152,5.70757,0.00000,7.4918e-04
257,2105344,5.86398,0.00000,7.4916e-04
258,2113536,5.64283,0.00000,7.4915e-04
259,2121728,5.74698,0.00000,7.4914e-04
260,2129920,5.69115,0.00000,7.4913e-04
261,2138112,5.63725,0.00000,7.4911e-04
262,2146304,5.68150,0.00000,7.4910e-04
263,2154496,5.65787,0.00000,7.4909e-04
264,2162688,5.72219,0.00000,7.4907e-04
265,2170880,5.64033,0.00000,7.4906e-04
266,2179072,5.65099,0.00000,7.4905e-04
267,2187264,5.51263,0.00000,7.4904e-04
268,2195456,5.57919,0.00000,7.4902e-04
269,2203648,5.66906,0.00000,7.4901e-04
270,2211840,5.69681,0.00000,7.4899e-04
271,2220032,5.66428,0.00000,7.4898e-04
272,2228224,5.67551,0.00000,7.4897e-04
273,2236416,5.72859,0.00000,7.4895e-04
274,2244608,5.74195,0.00000,7.4894e-04
275,2252800,5.66065,0.00000,7.4892e-04
276,2260992,5.64201,0.00000,7.4891e-04
277,2269184,5.67815,0.00000,7.4890e-04
278,2277376,5.62296,0.00000,7.4888e-04
279,2285568,5.53091,0.00000,7.4887e-04
280,2293760,5.51137,0.00000,7.4885e-04
281,2301952,5.63371,0.00000,7.4884e-04
282,2310144,5.67935,0.00000,7.4882e-04
283,2318336,5.68152,0.00000,7.4881e-04
284,2326528,5.55302,0.00000,7.4879e-04
285,2334720,5.58260,0.00000,7.4878e-04
286,2342912,5.58270,0.00000,7.4876e-04
287,2351104,5.53592,0.00000,7.4875e-04
288,2359296,5.49820,0.00000,7.4873e-04
289,2367488,5.54042,0.00000,7.4872e-04
290,2375680,5.68099,0.00000,7.4870e-04
291,2383872,5.59156,0.00000,7.4869e-04
292,2392064,5.46939,0.00000,7.4867e-04
293,2400256,5.57962,0.00000,7.4866e-04
294,2408448,5.55913,0.00000,7.4864e-04
295,2416640,5.74043,0.00000,7.4862e-04
296,2424832,5.51208,0.00000,7.4861e-04
297,2433024,5.53564,0.00000,7.4859e-04
298,2441216,5.64180,0.00000,7.4858e-04
299,2449408,5.43895,0.00000,7.4856e-04
300,2457600,5.55061,0.00000,7.4854e-04
301,2465792,5.58372,0.00000,7.4853e-04
302,2473984,5.50990,0.00000,7.4851e-04
303,2482176,5.54975,0.00000,7.4849e-04
304,2490368,5.63959,0.00000,7.4848e-04
305,2498560,5.50645,0.00000,7.4846e-04
306,2506752,5.56001,0.00000,7.4844e-04
307,2514944,5.56848,0.00000,7.4842e-04
308,2523136,5.50945,0.00000,7.4841e-04
309,2531328,5.48324,0.00000,7.4839e-04
310,2539520,5.54974,0.00000,7.4837e-04
311,2547712,5.47723,0.00000,7.4836e-04
312,2555904,5.54383,0.00000,7.4834e-04
313,2564096,5.35530,0.00000,7.4832e-04
314,2572288,5.44176,0.00000,7.4830e-04
315,2580480,5.47490,0.00000,7.4829e-04
316,2588672,5.50307,0.00000,7.4827e-04
317,2596864,5.50388,0.00000,7.4825e-04
318,2605056,5.68950,0.00000,7.4823e-04
319,2613248,5.57105,0.00000,7.4821e-04
320,2621440,5.56654,0.00000,7.4819e-04
321,2629632,5.54785,0.00000,7.4818e-04
322,2637824,5.43322,0.00000,7.4816e-04
323,2646016,5.40222,0.00000,7.4814e-04
324,2654208,5.37777,0.00000,7.4812e-04
325,2662400,5.47036,0.00000,7.4810e-04
326,2670592,5.49707,0.00000,7.4808e-04
327,2678784,5.37364,0.00000,7.4806e-04
328,2686976,5.38587,0.00000,7.4805e-04
329,2695168,5.43154,0.00000,7.4803e-04
330,2703360,5.46564,0.00000,7.4801e-04
331,2711552,5.51569,0.00000,7.4799e-04
332,2719744,5.50838,0.00000,7.4797e-04
333,2727936,5.53521,0.00000,7.4795e-04
334,2736128,5.42469,0.00000,7.4793e-04
335,2744320,5.44188,0.00000,7.4791e-04
336,2752512,5.56369,0.00000,7.4789e-04
337,2760704,5.28686,0.00000,7.4787e-04
338,2768896,5.47852,0.00000,7.4785e-04
339,2777088,5.37219,0.00000,7.4783e-04
340,2785280,5.48310,0.00000,7.4781e-04
341,2793472,5.42609,0.00000,7.4779e-04
342,2801664,5.47174,0.00000,7.4777e-04
343,2809856,5.38296,0.00000,7.4775e-04
344,2818048,5.40404,0.00000,7.4773e-04
345,2826240,5.45968,0.00000,7.4771e-04
346,2834432,5.51932,0.00000,7.4769e-04
347,2842624,5.42516,0.00000,7.4767e-04
348,2850816,5.37166,0.00000,7.4765e-04
349,2859008,5.39444,0.00000,7.4762e-04
350,2867200,5.49603,0.00000,7.4760e-04
351,2875392,5.43220,0.00000,7.4758e-04
352,2883584,5.41992,0.00000,7.4756e-04
353,2891776,5.46852,0.00000,7.4754e-04
354,2899968,5.44655,0.00000,7.4752e-04
355,2908160,5.46119,0.00000,7.4750e-04
356,2916352,5.32480,0.00000,7.4748e-04
357,2924544,5.39180,0.00000,7.4745e-04
358,2932736,5.36696,0.00000,7.4743e-04
359,2940928,5.38163,0.00000,7.4741e-04
360,2949120,5.54243,0.00000,7.4739e-04
361,2957312,5.38225,0.00000,7.4737e-04
362,2965504,5.38842,0.00000,7.4734e-04
363,2973696,5.38170,0.00000,7.4732e-04
364,2981888,5.33454,0.00000,7.4730e-04
365,2990080,5.36108,0.00000,7.4728e-04
366,2998272,5.37642,0.00000,7.4725e-04
367,3006464,5.27718,0.00000,7.4723e-04
368,3014656,5.35036,0.00000,7.4721e-04
369,3022848,5.37409,0.00000,7.4719e-04
370,3031040,5.42507,0.00000,7.4716e-04
371,3039232,5.23626,0.00000,7.4714e-04
372,3047424,5.37702,0.00000,7.4712e-04
373,3055616,5.46746,0.00000,7.4709e-04
374,3063808,5.46637,0.00000,7.4707e-04
375,3072000,5.36654,0.00000,7.4705e-04
376,3080192,5.31882,0.00000,7.4702e-04
377,3088384,5.30563,0.00000,7.4700e-04
378,3096576,5.39275,0.00000,7.4698e-04
379,3104768,5.31716,0.00000,7.4695e-04
380,3112960,5.32515,0.00000,7.4693e-04
381,3121152,5.42476,0.00000,7.4691e-04
382,3129344,5.38133,0.00000,7.4688e-04
383,3137536,5.38450,0.00000,7.4686e-04
384,3145728,5.38465,0.00000,7.4683e-04
385,3153920,5.39362,0.00000,7.4681e-04
386,3162112,5.32963,0.00000,7.4678e-04
387,3170304,5.24695,0.00000,7.4676e-04
388,3178496,5.37416,0.00000,7.4674e-04
389,3186688,5.38647,0.00000,7.4671e-04
390,3194880,5.41640,0.00000,7.4669e-04
391,3203072,5.30900,0.00000,7.4666e-04
392,3211264,5.43167,0.00000,7.4664e-04
393,3219456,5.41588,0.00000,7.4661e-04
394,3227648,5.38350,0.00000,7.4659e-04
395,3235840,5.26059,0.00000,7.4656e-04
396,3244032,5.33150,0.00000,7.4654e-04
397,3252224,5.27770,0.00000,7.4651e-04
398,3260416,5.43347,0.00000,7.4649e-04
399,3268608,5.32070,0.00000,7.4646e-04
400,3276800,5.34677,0.00000,7.4643e-04
401,3284992,5.24605,0.00000,7.4641e-04
402,3293184,5.39855,0.00000,7.4638e-04
403,3301376,5.31920,0.00000,7.4636e-04
404,3309568,5.25235,0.00000,7.4633e-04
405,3317760,5.35367,0.00000,7.4630e-04
406,3325952,5.34966,0.00000,7.4628e-04
407,3334144,5.36592,0.00000,7.4625e-04
408,3342336,5.25708,0.00000,7.4623e-04
409,3350528,5.31109,0.00000,7.4620e-04
410,3358720,5.31449,0.00000,7.4617e-04
411,3366912,5.22806,0.00000,7.4615e-04
412,3375104,5.31675,0.00000,7.4612e-04
413,3383296,5.26278,0.00000,7.4609e-04
414,3391488,5.25306,0.00000,7.4607e-04
415,3399680,5.33621,0.00000,7.4604e-04
416,3407872,5.28815,0.00000,7.4601e-04
417,3416064,5.26044,0.00000,7.4598e-04
418,3424256,5.20601,0.00000,7.4596e-04
419,3432448,5.20814,0.00000,7.4593e-04
420,3440640,5.37852,0.00000,7.4590e-04
421,3448832,5.19714,0.00000,7.4587e-04
422,3457024,5.25365,0.00000,7.4585e-04
423,3465216,5.29352,0.00000,7.4582e-04
424,3473408,5.28238,0.00000,7.4579e-04
425,3481600,5.23306,0.00000,7.4576e-04
426,3489792,5.31415,0.00000,7.4573e-04
427,3497984,5.29367,0.00000,7.4571e-04
428,3506176,5.30330,0.00000,7.4568e-04
429,3514368,5.31824,0.00000,7.4565e-04
430,3522560,5.23547,0.00000,7.4562e-04
431,3530752,5.33839,0.00000,7.4559e-04
432,3538944,5.29330,0.00000,7.4556e-04
433,3547136,5.32604,0.00000,7.4554e-04
434,3555328,5.33276,0.00000,7.4551e-04
435,3563520,5.18307,0.00000,7.4548e-04
436,3571712,5.29579,0.00000,7.4545e-04
437,3579904,5.22410,0.00000,7.4542e-04
438,3588096,5.21258,0.00000,7.4539e-04
439,3596288,5.27830,0.00000,7.4536e-04
440,3604480,5.27946,0.00000,7.4533e-04
441,3612672,5.22194,0.00000,7.4530e-04
442,3620864,5.23307,0.00000,7.4527e-04
443,3629056,5.16385,0.00000,7.4524e-04
444,3637248,5.46391,0.00000,7.4521e-04
445,3645440,5.15580,0.00000,7.4518e-04
446,3653632,5.15006,0.00000,7.4515e-04
447,3661824,5.27149,0.00000,7.4512e-04
448,3670016,5.27564,0.00000,7.4509e-04
449,3678208,5.13619,0.00000,7.4506e-04
450,3686400,5.23837,0.00000,7.4503e-04
451,3694592,5.27145,0.00000,7.4500e-04
452,3702784,5.35885,0.00000,7.4497e-04
453,3710976,5.15377,0.00000,7.4494e-04
454,3719168,5.24347,0.00000,7.4491e-04
455,3727360,5.27096,0.00000,7.4488e-04
456,3735552,5.27220,0.00000,7.4485e-04
457,3743744,5.26965,0.00000,7.4482e-04
458,3751936,5.19976,0.00000,7.4479e-04
459,3760128,5.21710,0.00000,7.4476e-04
460,3768320,5.08433,0.00000,7.4473e-04
461,3776512,5.30395,0.00000,7.4469e-04
462,3784704,5.27648,0.00000,7.4466e-04
463,3792896,5.24151,0.00000,7.4463e-04
464,3801088,5.15576,0.00000,7.4460e-04
465,3809280,5.29976,0.00000,7.4457e-04
466,3817472,5.26379,0.00000,7.4454e-04
467,3825664,5.14895,0.00000,7.4451e-04
468,3833856,5.24302,0.00000,7.4447e-04
469,3842048,5.21691,0.00000,7.4444e-04
470,3850240,5.29756,0.00000,7.4441e-04
471,3858432,5.22267,0.00000,7.4438e-04
472,3866624,5.11199,0.00000,7.4435e-04
473,3874816,5.18941,0.00000,7.4431e-04
474,3883008,5.22686,0.00000,7.4428e-04
475,3891200,5.17245,0.00000,7.4425e-04
476,3899392,5.20322,0.00000,7.4422e-04
477,3907584,5.16185,0.00000,7.4418e-04
478,3915776,5.17211,0.00000,7.4415e-04
479,3923968,5.22696,0.00000,7.4412e-04
480,3932160,5.26655,0.00000,7.4408e-04
481,3940352,5.18609,0.00000,7.4405e-04
482,3948544,5.18822,0.00000,7.4402e-04
483,3956736,5.27189,0.00000,7.4398e-04
484,3964928,5.22370,0.00000,7.4395e-04
485,3973120,5.19002,0.00000,7.4392e-04
486,3981312,5.24758,0.00000,7.4388e-04
487,3989504,5.13189,0.00000,7.4385e-04
488,3997696,5.13504,0.00000,7.4382e-04
489,4005888,5.18715,0.00000,7.4378e-04
490,4014080,5.08333,0.00000,7.4375e-04
491,4022272,5.17381,0.00000,7.4371e-04
492,4030464,5.20657,0.00000,7.4368e-04
493,4038656,5.16184,0.00000,7.4365e-04
494,4046848,5.15426,0.00000,7.4361e-04
495,4055040,5.09751,0.00000,7.4358e-04
496,4063232,5.22114,0.00000,7.4354e-04
497,4071424,5.13729,0.00000,7.4351e-04
498,4079616,5.28209,0.00000,7.4347e-04
499,4087808,5.11187,0.00000,7.4344e-04
500,4096000,5.17284,0.00000,7.4340e-04
501,4104192,5.19301,0.00000,7.4337e-04
502,4112384,5.11492,0.00000,7.4333e-04
503,4120576,5.04785,0.00000,7.4330e-04
504,4128768,5.11880,0.00000,7.4326e-04
505,4136960,5.08833,0.00000,7.4323e-04
506,4145152,5.18569,0.00000,7.4319e-04
507,4153344,5.16940,0.00000,7.4316e-04
508,4161536,5.12262,0.00000,7.4312e-04
509,4169728,5.17197,0.00000,7.4309e-04
510,4177920,5.20048,0.00000,7.4305e-04
511,4186112,5.17677,0.00000,7.4302e-04
512,4194304,5.10746,0.00000,7.4298e-04
513,4202496,5.15550,0.00000,7.4294e-04
514,4210688,5.19769,0.00000,7.4291e-04
515,4218880,5.19327,0.00000,7.4287e-04
516,4227072,5.13122,0.00000,7.4283e-04
517,4235264,5.07606,0.00000,7.4280e-04
518,4243456,5.18174,0.00000,7.4276e-04
519,4251648,5.18168,0.00000,7.4273e-04
520,4259840,5.16281,0.00000,7.4269e-04
521,4268032,5.26762,0.00000,7.4265e-04
522,4276224,5.10864,0.00000,7.4261e-04
523,4284416,5.23541,0.00000,7.4258e-04
524,4292608,5.16781,0.00000,7.4254e-04
525,4300800,5.18732,0.00000,7.4250e-04
526,4308992,5.14858,0.00000,7.4247e-04
527,4317184,5.18118,0.00000,7.4243e-04
528,4325376,5.14276,0.00000,7.4239e-04
529,4333568,5.10103,0.00000,7.4235e-04
530,4341760,5.06847,0.00000,7.4232e-04
531,4349952,5.09772,0.00000,7.4228e-04
532,4358144,5.51889,0.00000,7.4224e-04
533,4366336,5.10564,0.00000,7.4220e-04
534,4374528,5.17106,0.00000,7.4217e-04
535,4382720,5.16284,0.00000,7.4213e-04
536,4390912,5.12162,0.00000,7.4209e-04
537,4399104,5.19238,0.00000,7.4205e-04
538,4407296,5.14511,0.00000,7.4201e-04
539,4415488,5.14017,0.00000,7.4197e-04
540,4423680,5.08051,0.00000,7.4194e-04
541,4431872,5.08448,0.00000,7.4190e-04
542,4440064,5.11567,0.00000,7.4186e-04
543,4448256,5.15958,0.00000,7.4182e-04
544,4456448,5.02756,0.00000,7.4178e-04
545,4464640,5.09159,0.00000,7.4174e-04
546,4472832,5.08529,0.00000,7.4170e-04
547,4481024,5.13380,0.00000,7.4166e-04
548,4489216,5.01322,0.00000,7.4163e-04
549,4497408,5.04662,0.00000,7.4159e-04
550,4505600,5.03656,0.00000,7.4155e-04
551,4513792,5.18928,0.00000,7.4151e-04
552,4521984,5.13778,0.00000,7.4147e-04
553,4530176,4.99012,0.00000,7.4143e-04
554,4538368,5.26512,0.00000,7.4139e-04
555,4546560,5.06514,0.00000,7.4135e-04
556,4554752,5.14254,0.00000,7.4131e-04
557,4562944,5.13876,0.00000,7.4127e-04
558,4571136,5.11575,0.00000,7.4123e-04
559,4579328,5.15408,0.00000,7.4119e-04
560,4587520,5.11890,0.00000,7.4115e-04
561,4595712,5.07007,0.00000,7.4111e-04
562,4603904,5.08395,0.00000,7.4107e-04
563,4612096,5.05514,0.00000,7.4103e-04
564,4620288,5.12020,0.00000,7.4099e-04
565,4628480,5.09618,0.00000,7.4094e-04
566,4636672,5.13402,0.00000,7.4090e-04
567,4644864,4.99820,0.00000,7.4086e-04
568,4653056,4.99206,0.00000,7.4082e-04
569,4661248,5.03700,0.00000,7.4078e-04
570,4669440,5.03233,0.00000,7.4074e-04
571,4677632,5.10662,0.00000,7.4070e-04
572,4685824,5.06535,0.00000,7.4066e-04
573,4694016,5.23631,0.00000,7.4062e-04
574,4702208,5.08981,0.00000,7.4057e-04
575,4710400,5.09712,0.00000,7.4053e-04
576,4718592,5.01476,0.00000,7.4049e-04
577,4726784,5.09058,0.00000,7.4045e-04
578,4734976,4.94300,0.00000,7.4041e-04
579,4743168,5.19194,0.00000,7.4037e-04
580,4751360,5.06064,0.00000,7.4032e-04
581,4759552,5.12909,0.00000,7.4028e-04
582,4767744,4.99446,0.00000,7.4024e-04
583,4775936,5.03011,0.00000,7.4020e-04
584,4784128,5.05101,0.00000,7.4015e-04
585,4792320,5.13292,0.00000,7.4011e-04
586,4800512,5.09371,0.00000,7.4007e-04
587,4808704,4.97702,0.00000,7.4003e-04
588,4816896,5.05678,0.00000,7.3998e-04
589,4825088,4.99022,0.00000,7.3994e-04
590,4833280,4.97901,0.00000,7.3990e-04
591,4841472,5.12324,0.00000,7.3985e-04
592,4849664,5.05090,0.00000,7.3981e-04
593,4857856,5.08595,0.00000,7.3977e-04
594,4866048,5.03497,0.00000,7.3972e-04
595,4874240,5.10462,0.00000,7.3968e-04
596,4882432,5.10363,0.00000,7.3964e-04
597,4890624,5.03751,0.00000,7.3959e-04
598,4898816,5.05127,0.00000,7.3955e-04
599,4907008,5.19110,0.00000,7.3951e-04
600,4915200,5.01796,0.00000,7.3946e-04
601,4923392,4.99629,0.00000,7.3942e-04
602,4931584,4.99109,0.00000,7.3937e-04
603,4939776,5.00590,0.00000,7.3933e-04
604,4947968,4.92243,0.00000,7.3929e-04
605,4956160,4.93903,0.00000,7.3924e-04
606,4964352,4.99717,0.00000,7.3920e-04
607,4972544,4.98859,0.00000,7.3915e-04
608,4980736,5.03958,0.00000,7.3911e-04
609,4988928,5.00611,0.00000,7.3906e-04
610,4997120,5.03384,0.00000,7.3902e-04
611,5005312,5.01470,0.00000,7.3897e-04
612,5013504,5.17511,0.00000,7.3893e-04
613,5021696,5.10946,0.00000,7.3888e-04
614,5029888,5.04432,0.00000,7.3884e-04
615,5038080,5.18612,0.00000,7.3879e-04
616,5046272,4.92900,0.00000,7.3875e-04
617,5054464,5.04136,0.00000,7.3870e-04
618,5062656,5.07295,0.00000,7.3866e-04
619,5070848,5.08951,0.00000,7.3861e-04
620,5079040,5.01000,0.00000,7.3856e-04
621,5087232,5.03734,0.00000,7.3852e-04
622,5095424,5.04127,0.00000,7.3847e-04
623,5103616,4.95877,0.00000,7.3843e-04
624,5111808,4.96212,0.00000,7.3838e-04
625,5120000,4.96949,0.00000,7.3833e-04
626,5128192,5.05505,0.00000,7.3829e-04
627,5136384,5.06588,0.00000,7.3824e-04
628,5144576,5.12648,0.00000,7.3820e-04
629,5152768,4.95467,0.00000,7.3815e-04
630,5160960,5.09244,0.00000,7.3810e-04
631,5169152,4.97056,0.00000,7.3806e-04
632,5177344,5.05960,0.00000,7.3801e-04
633,5185536,4.98873,0.00000,7.3796e-04
634,5193728,5.05025,0.00000,7.3792e-04
635,5201920,5.01094,0.00000,7.3787e-04
636,5210112,5.00214,0.00000,7.3782e-04
637,5218304,5.02419,0.00000,7.3777e-04
638,5226496,5.04884,0.00000,7.3773e-04
639,5234688,4.99477,0.00000,7.3768e-04
640,5242880,5.06720,0.00000,7.3763e-04
641,5251072,4.93179,0.00000,7.3758e-04
642,5259264,4.92109,0.00000,7.3754e-04
643,5267456,5.05221,0.00000,7.3749e-04
644,5275648,4.97568,0.00000,7.3744e-04
645,5283840,4.99051,0.00000,7.3739e-04
646,5292032,4.92809,0.00000,7.3734e-04
647,5300224,5.04404,0.00000,7.3730e-04
648,5308416,4.95834,0.00000,7.3725e-04
649,5316608,4.95696,0.00000,7.3720e-04
650,5324800,4.84162,0.00000,7.3715e-04
651,5332992,5.00617,0.00000,7.3710e-04
652,5341184,5.10280,0.00000,7.3705e-04
653,5349376,4.98682,0.00000,7.3701e-04
654,5357568,5.09562,0.00000,7.3696e-04
655,5365760,4.99516,0.00000,7.3691e-04
656,5373952,5.05079,0.00000,7.3686e-04
657,5382144,4.94566,0.00000,7.3681e-04
658,5390336,5.05024,0.00000,7.3676e-04
659,5398528,5.06069,0.00000,7.3671e-04
660,5406720,4.96170,0.00000,7.3666e-04
661,5414912,4.93180,0.00000,7.3661e-04
662,5423104,4.95019,0.00000,7.3656e-04
663,5431296,5.00510,0.00000,7.3651e-04
664,5439488,4.89558,0.00000,7.3646e-04
665,5447680,4.94497,0.00000,7.3642e-04
666,5455872,4.95797,0.00000,7.3637e-04
667,5464064,4.98329,0.00000,7.3632e-04
668,5472256,4.89591,0.00000,7.3627e-04
669,5480448,4.89870,0.00000,7.3622e-04
670,5488640,5.00493,0.00000,7.3616e-04
671,5496832,5.01857,0.00000,7.3611e-04
672,5505024,4.86563,0.00000,7.3606e-04
673,5513216,4.87669,0.00000,7.3601e-04
674,5521408,5.00796,0.00000,7.3596e-04
675,5529600,4.89071,0.00000,7.3591e-04
676,5537792,5.00572,0.00000,7.3586e-04
677,5545984,4.97140,0.00000,7.3581e-04
678,5554176,5.02570,0.00000,7.3576e-04
679,5562368,4.94657,0.00000,7.3571e-04
680,5570560,4.87586,0.00000,7.3566e-04
681,5578752,4.99690,0.00000,7.3561e-04
682,5586944,4.99080,0.00000,7.3556e-04
683,5595136,4.93490,0.00000,7.3550e-04
684,5603328,4.93745,0.00000,7.3545e-04
685,5611520,4.97919,0.00000,7.3540e-04
686,5619712,5.00265,0.00000,7.3535e-04
687,5627904,4.92630,0.00000,7.3530e-04
688,5636096,4.98171,0.00000,7.3525e-04
689,5644288,4.90288,0.00000,7.3519e-04
690,5652480,4.90136,0.00000,7.3514e-04
691,5660672,4.98437,0.00000,7.3509e-04
692,5668864,5.07726,0.00000,7.3504e-04
693,5677056,4.95010,0.00000,7.3499e-04
694,5685248,5.01578,0.00000,7.3493e-04
695,5693440,4.81738,0.00000,7.3488e-04
696,5701632,4.88565,0.00000,7.3483e-04
697,5709824,4.92034,0.00000,7.3478e-04
698,5718016,4.90922,0.00000,7.3472e-04
699,5726208,4.95777,0.00000,7.3467e-04
700,5734400,4.93181,0.00000,7.3462e-04
701,5742592,4.90521,0.00000,7.3456e-04
702,5750784,5.04442,0.00000,7.3451e-04
703,5758976,4.99205,0.00000,7.3446e-04
704,5767168,4.99826,0.00000,7.3441e-04
705,5775360,4.92949,0.00000,7.3435e-04
706,5783552,4.94468,0.00000,7.3430e-04
707,5791744,4.95700,0.00000,7.3425e-04
708,5799936,4.96142,0.00000,7.3419e-04
709,5808128,4.93376,0.00000,7.3414e-04
710,5816320,4.88947,0.00000,7.3408e-04
711,5824512,4.89734,0.00000,7.3403e-04
712,5832704,4.91016,0.00000,7.3398e-04
713,5840896,4.89752,0.00000,7.3392e-04
714,5849088,4.87718,0.00000,7.3387e-04
715,5857280,4.95480,0.00000,7.3381e-04
716,5865472,4.97758,0.00000,7.3376e-04
717,5873664,4.91881,0.00000,7.3371e-04
718,5881856,4.93447,0.00000,7.3365e-04
719,5890048,4.86916,0.00000,7.3360e-04
720,5898240,5.00080,0.00000,7.3354e-04
721,5906432,4.94565,0.00000,7.3349e-04
722,5914624,4.95188,0.00000,7.3343e-04
723,5922816,5.00849,0.00000,7.3338e-04
724,5931008,5.00478,0.00000,7.3332e-04
725,5939200,4.94487,0.00000,7.3327e-04
726,5947392,4.86266,0.00000,7.3321e-04
727,5955584,4.89636,0.00000,7.3316e-04
728,5963776,4.88169,0.00000,7.3310e-04
729,5971968,4.79663,0.00000,7.3305e-04
730,5980160,4.91178,0.00000,7.3299e-04
731,5988352,4.98612,0.00000,7.3293e-04
732,5996544,4.92241,0.00000,7.3288e-04
733,6004736,4.89302,0.00000,7.3282e-04
734,6012928,4.86286,0.00000,7.3277e-04
735,6021120,4.95355,0.00000,7.3271e-04
736,6029312,4.94660,0.00000,7.3266e-04
737,6037504,4.98246,0.00000,7.3260e-04
738,6045696,4.97467,0.00000,7.3254e-04
739,6053888,4.88089,0.00000,7.3249e-04
740,6062080,5.01585,0.00000,7.3243e-04
741,6070272,4.88382,0.00000,7.3237e-04
742,6078464,4.89921,0.00000,7.3232e-04
743,6086656,4.90219,0.00000,7.3226e-04
744,6094848,5.01230,0.00000,7.3220e-04
745,6103040,4.90540,0.00000,7.3215e-04
746,6111232,5.02486,0.00000,7.3209e-04
747,6119424,4.88835,0.00000,7.3203e-04
748,6127616,4.83417,0.00000,7.3198e-04
749,6135808,4.91549,0.00000,7.3192e-04
750,6144000,4.87345,0.00000,7.3186e-04
751,6152192,4.89867,0.00000,7.3180e-04
752,6160384,4.88235,0.00000,7.3175e-04
753,6168576,4.90852,0.00000,7.3169e-04
754,6176768,4.91012,0.00000,7.3163e-04
755,6184960,4.82323,0.00000,7.3157e-04
756,6193152,4.96362,0.00000,7.3152e-04
757,6201344,4.89946,0.00000,7.3146e-04
758,6209536,4.98997,0.00000,7.3140e-04
759,6217728,4.93293,0.00000,7.3134e-04
760,6225920,4.98941,0.00000,7.3128e-04
761,6234112,5.00405,0.00000,7.3123e-04
762,6242304,4.89228,0.00000,7.3117e-04
763,6250496,4.87548,0.00000,7.3111e-04
764,6258688,4.87956,0.00000,7.3105e-04
765,6266880,4.94369,0.00000,7.3099e-04
766,6275072,4.86657,0.00000,7.3093e-04
767,6283264,4.87472,0.00000,7.3087e-04
768,6291456,4.97036,0.00000,7.3082e-04
769,6299648,4.94241,0.00000,7.3076e-04
770,6307840,4.90187,0.00000,7.3070e-04
771,6316032,4.99913,0.00000,7.3064e-04
772,6324224,4.89438,0.00000,7.3058e-04
773,6332416,4.89866,0.00000,7.3052e-04
774,6340608,4.87066,0.00000,7.3046e-04
775,6348800,4.80959,0.00000,7.3040e-04
776,6356992,4.86811,0.00000,7.3034e-04
777,6365184,4.87780,0.00000,7.3028e-04
778,6373376,4.80813,0.00000,7.3022e-04
779,6381568,4.90753,0.00000,7.3016e-04
780,6389760,4.84400,0.00000,7.3010e-04
781,6397952,4.82669,0.00000,7.3004e-04
782,6406144,4.80437,0.00000,7.2998e-04
783,6414336,4.96890,0.00000,7.2992e-04
784,6422528,4.83588,0.00000,7.2986e-04
785,6430720,4.77635,0.00000,7.2980e-04
786,6438912,5.02067,0.00000,7.2974e-04
787,6447104,4.90709,0.00000,7.2968e-04
788,6455296,4.96467,0.00000,7.2962e-04
789,6463488,4.86321,0.00000,7.2956e-04
790,6471680,4.79023,0.00000,7.2950e-04
791,6479872,4.94205,0.00000,7.2944e-04
792,6488064,4.81483,0.00000,7.2938e-04
793,6496256,4.79576,0.00000,7.2931e-04
794,6504448,4.80780,0.00000,7.2925e-04
795,6512640,4.90257,0.00000,7.2919e-04
796,6520832,4.96341,0.00000,7.2913e-04
797,6529024,4.91258,0.00000,7.2907e-04
798,6537216,4.90476,0.00000,7.2901e-04
799,6545408,4.90867,0.00000,7.2895e-04
800,6553600,4.92389,0.00000,7.2888e-04
801,6561792,4.88264,0.00000,7.2882e-04
802,6569984,4.74686,0.00000,7.2876e-04
803,6578176,4.81287,0.00000,7.2870e-04
804,6586368,4.94789,0.00000,7.2864e-04
805,6594560,4.79483,0.00000,7.2858e-04
806,6602752,4.77304,0.00000,7.2851e-04
807,6610944,4.89292,0.00000,7.2845e-04
808,6619136,4.86658,0.00000,7.2839e-04
809,6627328,4.90329,0.00000,7.2833e-04
810,6635520,4.87859,0.00000,7.2826e-04
811,6643712,4.81746,0.00000,7.2820e-04
812,6651904,4.77564,0.00000,7.2814e-04
813,6660096,4.83896,0.00000,7.2808e-04
814,6668288,4.83277,0.00000,7.2801e-04
815,6676480,4.79457,0.00000,7.2795e-04
816,6684672,4.80413,0.00000,7.2789e-04
817,6692864,4.95631,0.00000,7.2782e-04
818,6701056,4.79456,0.00000,7.2776e-04
819,6709248,4.85418,0.00000,7.2770e-04
820,6717440,4.92733,0.00000,7.2763e-04
821,6725632,4.86683,0.00000,7.2757e-04
822,6733824,4.83178,0.00000,7.2751e-04
823,6742016,4.95409,0.00000,7.2744e-04
824,6750208,4.83414,0.00000,7.2738e-04
825,6758400,4.95733,0.00000,7.2731e-04
826,6766592,4.84563,0.00000,7.2725e-04
827,6774784,4.84941,0.00000,7.2719e-04
828,6782976,4.80946,0.00000,7.2712e-04
829,6791168,4.75857,0.00000,7.2706e-04
830,6799360,4.74606,0.00000,7.2699e-04
831,6807552,5.04159,0.00000,7.2693e-04
832,6815744,4.93836,0.00000,7.2687e-04
833,6823936,4.95103,0.00000,7.2680e-04
834,6832128,4.81766,0.00000,7.2674e-04
835,6840320,4.86830,0.00000,7.2667e-04
836,6848512,4.92835,0.00000,7.2661e-04
837,6856704,4.79820,0.00000,7.2654e-04
838,6864896,4.79129,0.00000,7.2648e-04
839,6873088,4.82867,0.00000,7.2641e-04
840,6881280,4.89315,0.00000,7.2635e-04
841,6889472,4.90042,0.00000,7.2628e-04
842,6897664,4.85194,0.00000,7.2622e-04
843,6905856,4.98869,0.00000,7.2615e-04
844,6914048,4.91613,0.00000,7.2609e-04
845,6922240,4.80344,0.00000,7.2602e-04
846,6930432,4.83521,0.00000,7.2595e-04
847,6938624,4.81708,0.00000,7.2589e-04
848,6946816,4.92067,0.00000,7.2582e-04
849,6955008,4.72413,0.00000,7.2576e-04
850,6963200,4.75715,0.00000,7.2569e-04
851,6971392,4.71163,0.00000,7.2562e-04
852,6979584,4.86688,0.00000,7.2556e-04
853,6987776,4.92899,0.00000,7.2549e-04
854,6995968,4.93326,0.00000,7.2543e-04
855,7004160,4.80959,0.00000,7.2536e-04
856,7012352,4.81805,0.00000,7.2529e-04
857,7020544,4.82945,0.00000,7.2523e-04
858,7028736,4.79575,0.00000,7.2516e-04
859,7036928,4.87615,0.00000,7.2509e-04
860,7045120,4.80364,0.00000,7.2503e-04
861,7053312,4.83210,0.00000,7.2496e-04
862,7061504,4.78169,0.00000,7.2489e-04
863,7069696,4.78449,0.00000,7.2482e-04
864,7077888,4.93187,0.00000,7.2476e-04
865,7086080,4.85668,0.00000,7.2469e-04
866,7094272,4.80323,0.00000,7.2462e-04
867,7102464,4.87526,0.00000,7.2455e-04
868,7110656,4.78409,0.00000,7.2449e-04
869,7118848,4.76874,0.00000,7.2442e-04
870,7127040,4.86806,0.00000,7.2435e-04
871,7135232,4.86626,0.00000,7.2428e-04
872,7143424,4.85320,0.00000,7.2422e-04
873,7151616,4.87646,0.00000,7.2415e-04
874,7159808,4.85420,0.00000,7.2408e-04
875,7168000,4.86381,0.00000,7.2401e-04
876,7176192,4.79824,0.00000,7.2394e-04
877,7184384,4.81385,0.00000,7.2388e-04
878,7192576,4.87779,0.00000,7.2381e-04
879,7200768,4.83669,0.00000,7.2374e-04
880,7208960,4.92228,0.00000,7.2367e-04
881,7217152,4.69303,0.00000,7.2360e-04
882,7225344,4.77067,0.00000,7.2353e-04
883,7233536,4.73481,0.00000,7.2346e-04
884,7241728,4.86497,0.00000,7.2339e-04
885,7249920,4.71302,0.00000,7.2333e-04
886,7258112,4.77350,0.00000,7.2326e-04
887,7266304,4.81837,0.00000,7.2319e-04
888,7274496,4.66056,0.00000,7.2312e-04
889,7282688,4.87255,0.00000,7.2305e-04
890,7290880,4.80049,0.00000,7.2298e-04
891,7299072,4.77507,0.00000,7.2291e-04
892,7307264,4.75837,0.00000,7.2284e-04
893,7315456,4.75668,0.00000,7.2277e-04
894,7323648,4.88717,0.00000,7.2270e-04
895,7331840,4.80126,0.00000,7.2263e-04
896,7340032,4.86892,0.00000,7.2256e-04
897,7348224,4.70021,0.00000,7.2249e-04
898,7356416,4.81692,0.00000,7.2242e-04
899,7364608,4.80757,0.00000,7.2235e-04
900,7372800,4.76056,0.00000,7.2228e-04
901,7380992,4.96364,0.00000,7.2221e-04
902,7389184,4.84787,0.00000,7.2214e-04
903,7397376,4.87170,0.00000,7.2207e-04
904,7405568,4.80940,0.00000,7.2200e-04
905,7413760,4.79419,0.00000,7.2193e-04
906,7421952,4.82017,0.00000,7.2186e-04
907,7430144,4.77486,0.00000,7.2178e-04
908,7438336,4.82960,0.00000,7.2171e-04
909,7446528,4.65504,0.00000,7.2164e-04
910,7454720,4.62479,0.00000,7.2157e-04
911,7462912,4.77184,0.00000,7.2150e-04
912,7471104,4.84155,0.00000,7.2143e-04
913,7479296,4.73647,0.00000,7.2136e-04
914,7487488,4.79315,0.00000,7.2129e-04
915,7495680,4.83327,0.00000,7.2121e-04
916,7503872,4.84172,0.00000,7.2114e-04
917,7512064,4.71231,0.00000,7.2107e-04
918,7520256,4.76495,0.00000,7.2100e-04
919,7528448,4.81089,0.00000,7.2093e-04
920,7536640,4.86881,0.00000,7.2086e-04
921,7544832,4.78921,0.00000,7.2078e-04
922,7553024,4.82065,0.00000,7.2071e-04
923,7561216,4.72779,0.00000,7.2064e-04
924,7569408,4.75609,0.00000,7.2057e-04
925,7577600,4.77932,0.00000,7.2049e-04
926,7585792,4.81344,0.00000,7.2042e-04
927,7593984,4.84368,0.00000,7.2035e-04
928,7602176,4.78533,0.00000,7.2028e-04
929,7610368,4.70337,0.00000,7.2020e-04
930,7618560,4.64598,0.00000,7.2013e-04
931,7626752,4.71122,0.00000,7.2006e-04
932,7634944,4.75852,0.00000,7.1998e-04
933,7643136,4.73468,0.00000,7.1991e-04
934,7651328,4.76249,0.00000,7.1984e-04
935,7659520,4.68150,0.00000,7.1976e-04
936,7667712,4.67793,0.00000,7.1969e-04
937,7675904,4.82900,0.00000,7.1962e-04
938,7684096,4.73274,0.00000,7.1954e-04
939,7692288,4.76647,0.00000,7.1947e-04
940,7700480,4.65166,0.00000,7.1940e-04
941,7708672,4.67496,0.00000,7.1932e-04
942,7716864,4.81542,0.00000,7.1925e-04
943,7725056,4.64167,0.00000,7.1918e-04
944,7733248,4.74191,0.00000,7.1910e-04
945,7741440,4.73058,0.00000,7.1903e-04
946,7749632,4.69160,0.00000,7.1895e-04
947,7757824,4.80847,0.00000,7.1888e-04
948,7766016,4.73457,0.00000,7.1880e-04
949,7774208,4.68977,0.00000,7.1873e-04
950,7782400,4.69727,0.00000,7.1866e-04
951,7790592,4.83388,0.00000,7.1858e-04
952,7798784,4.61385,0.00000,7.1851e-04
953,7806976,4.79906,0.00000,7.1843e-04
954,7815168,4.82543,0.00000,7.1836e-04
955,7823360,4.72064,0.00000,7.1828e-04
956,7831552,4.79773,0.00000,7.1821e-04
957,7839744,4.81911,0.00000,7.1813e-04
958,7847936,4.75674,0.00000,7.1806e-04
959,7856128,4.60083,0.00000,7.1798e-04
960,7864320,4.73241,0.00000,7.1790e-04
961,7872512,4.70196,0.00000,7.1783e-04
962,7880704,4.76803,0.00000,7.1775e-04
963,7888896,4.67816,0.00000,7.1768e-04
964,7897088,4.71486,0.00000,7.1760e-04
965,7905280,4.71802,0.00000,7.1753e-04
966,7913472,4.75732,0.00000,7.1745e-04
967,7921664,4.80904,0.00000,7.1737e-04
968,7929856,4.85427,0.00000,7.1730e-04
969,7938048,4.82023,0.00000,7.1722e-04
970,7946240,4.79931,0.00000,7.1715e-04
971,7954432,4.76390,0.00000,7.1707e-04
972,7962624,4.67295,0.00000,7.1699e-04
973,7970816,4.79002,0.00000,7.1692e-04
974,7979008,4.77182,0.00000,7.1684e-04
975,7987200,4.76160,0.00000,7.1676e-04
976,7995392,4.70847,0.00000,7.1669e-04
977,8003584,4.79746,0.00000,7.1661e-04
978,8011776,4.62406,0.00000,7.1653e-04
979,8019968,4.81126,0.00000,7.1646e-04
980,8028160,4.78126,0.00000,7.1638e-04
981,8036352,4.61235,0.00000,7.1630e-04
982,8044544,4.73585,0.00000,7.1622e-04
983,8052736,4.71630,0.00000,7.1615e-04
984,8060928,4.68027,0.00000,7.1607e-04
985,8069120,4.59874,0.00000,7.1599e-04
986,8077312,4.63410,0.00000,7.1591e-04
987,8085504,4.68786,0.00000,7.1584e-04
988,8093696,4.67271,0.00000,7.1576e-04
989,8101888,4.88953,0.00000,7.1568e-04
990,8110080,4.74762,0.00000,7.1560e-04
991,8118272,4.72222,0.00000,7.1553e-04
992,8126464,4.65690,0.00000,7.1545e-04
993,8134656,4.82646,0.00000,7.1537e-04
994,8142848,4.72496,0.00000,7.1529e-04
995,8151040,4.66940,0.00000,7.1521e-04
996,8159232,4.76002,0.00000,7.1513e-04
997,8167424,4.71305,0.00000,7.1506e-04
998,8175616,4.72444,0.00000,7.1498e-04
999,8183808,4.71893,0.00000,7.1490e-04
1000,8192000,4.70840,0.00000,7.1482e-04
1001,8200192,4.69937,0.00000,7.1474e-04
1002,8208384,4.67183,0.00000,7.1466e-04
1003,8216576,4.71226,0.00000,7.1458e-04
1004,8224768,4.78941,0.00000,7.1450e-04
1005,8232960,4.89597,0.00000,7.1442e-04
1006,8241152,4.82159,0.00000,7.1435e-04
1007,8249344,4.78324,0.00000,7.1427e-04
1008,8257536,4.69292,0.00000,7.1419e-04
1009,8265728,4.73047,0.00000,7.1411e-04
1010,8273920,4.67911,0.00000,7.1403e-04
1011,8282112,4.74817,0.00000,7.1395e-04
1012,8290304,4.79477,0.00000,7.1387e-04
1013,8298496,4.64221,0.00000,7.1379e-04
1014,8306688,4.75416,0.00000,7.1371e-04
1015,8314880,4.68692,0.00000,7.1363e-04
1016,8323072,4.81515,0.00000,7.1355e-04
1017,8331264,4.59606,0.00000,7.1347e-04
1018,8339456,4.67341,0.00000,7.1339e-04
1019,8347648,4.65204,0.00000,7.1331e-04
1020,8355840,4.89011,0.00000,7.1323e-04
1021,8364032,4.66592,0.00000,7.1315e-04
1022,8372224,4.61504,0.00000,7.1307e-04
1023,8380416,4.63981,0.00000,7.1298e-04
1024,8388608,4.64538,0.00000,7.1290e-04
1025,8396800,4.62555,0.00000,7.1282e-04
1026,8404992,4.74875,0.00000,7.1274e-04
1027,8413184,4.73963,0.00000,7.1266e-04
1028,8421376,4.70300,0.00000,7.1258e-04
1029,8429568,4.65101,0.00000,7.1250e-04
1030,8437760,4.60188,0.00000,7.1242e-04
1031,8445952,4.74496,0.00000,7.1234e-04
1032,8454144,4.69172,0.00000,7.1226e-04
1033,8462336,4.55310,0.00000,7.1217e-04
1034,8470528,4.69722,0.00000,7.1209e-04
1035,8478720,4.76316,0.00000,7.1201e-04
1036,8486912,4.70705,0.00000,7.1193e-04
1037,8495104,4.57496,0.00000,7.1185e-04
1038,8503296,4.66945,0.00000,7.1176e-04
1039,8511488,4.66649,0.00000,7.1168e-04
1040,8519680,4.66442,0.00000,7.1160e-04
1041,8527872,4.85538,0.00000,7.1152e-04
1042,8536064,4.67334,0.00000,7.1144e-04
1043,8544256,4.58494,0.00000,7.1135e-04
1044,8552448,4.71704,0.00000,7.1127e-04
1045,8560640,4.73427,0.00000,7.1119e-04
1046,8568832,4.61901,0.00000,7.1111e-04
1047,8577024,4.73003,0.00000,7.1102e-04
1048,8585216,4.68569,0.00000,7.1094e-04
1049,8593408,4.62980,0.00000,7.1086e-04
1050,8601600,4.75871,0.00000,7.1078e-04
1051,8609792,4.64055,0.00000,7.1069e-04
1052,8617984,4.64367,0.00000,7.1061e-04
1053,8626176,4.64470,0.00000,7.1053e-04
1054,8634368,4.70728,0.00000,7.1044e-04
1055,8642560,4.55903,0.00000,7.1036e-04
1056,8650752,4.72301,0.00000,7.1028e-04
1057,8658944,4.64022,0.00000,7.1019e-04
1058,8667136,4.69662,0.00000,7.1011e-04
1059,8675328,4.52406,0.00000,7.1003e-04
1060,8683520,4.67117,0.00000,7.0994e-04
1061,8691712,4.64598,0.00000,7.0986e-04
1062,8699904,4.57510,0.00000,7.0977e-04
1063,8708096,4.58029,0.00000,7.0969e-04
1064,8716288,4.64285,0.00000,7.0961e-04
1065,8724480,4.75519,0.00000,7.0952e-04
1066,8732672,4.62238,0.00000,7.0944e-04
1067,8740864,4.69742,0.00000,7.0935e-04
1068,8749056,4.56998,0.00000,7.0927e-04
1069,8757248,4.68146,0.00000,7.0918e-04
1070,8765440,4.52503,0.00000,7.0910e-04
1071,8773632,4.58282,0.00000,7.0902e-04
1072,8781824,4.61103,0.00000,7.0893e-04
1073,8790016,4.62783,0.00000,7.0885e-04
1074,8798208,4.54070,0.00000,7.0876e-04
1075,8806400,4.62403,0.00000,7.0868e-04
1076,8814592,4.64527,0.00000,7.0859e-04
1077,8822784,4.56985,0.00000,7.0851e-04
1078,8830976,4.60900,0.00000,7.0842e-04
1079,8839168,4.67551,0.00000,7.0834e-04
1080,8847360,4.57231,0.00000,7.0825e-04
1081,8855552,4.59775,0.00000,7.0816e-04
1082,8863744,4.73640,0.00000,7.0808e-04
1083,8871936,4.61925,0.00000,7.0799e-04
1084,8880128,4.68532,0.00000,7.0791e-04
1085,8888320,4.70364,0.00000,7.0782e-04
1086,8896512,4.58465,0.00000,7.0774e-04
1087,8904704,4.78191,0.00000,7.0765e-04
1088,8912896,4.69560,0.00000,7.0756e-04
1089,8921088,4.55009,0.00000,7.0748e-04
1090,8929280,4.66557,0.00000,7.0739e-04
1091,8937472,4.61844,0.00000,7.0731e-04
1092,8945664,4.71148,0.00000,7.0722e-04
1093,8953856,4.58941,0.00000,7.0713e-04
1094,8962048,4.53825,0.00000,7.0705e-04
1095,8970240,4.70738,0.00000,7.0696e-04
1096,8978432,4.62249,0.00000,7.0687e-04
1097,8986624,4.52956,0.00000,7.0679e-04
1098,8994816,4.68532,0.00000,7.0670e-04
1099,9003008,4.69605,0.00000,7.0661e-04
1100,9011200,4.77189,0.00000,7.0653e-04
1101,9019392,4.65036,0.00000,7.0644e-04
1102,9027584,4.58954,0.00000,7.0635e-04
1103,9035776,4.67024,0.00000,7.0626e-04
1104,9043968,4.53387,0.00000,7.0618e-04
1105,9052160,4.53935,0.00000,7.0609e-04
1106,9060352,4.73115,0.00000,7.0600e-04
1107,9068544,4.60850,0.00000,7.0591e-04
1108,9076736,4.64211,0.00000,7.0583e-04
1109,9084928,4.65415,0.00000,7.0574e-04
1110,9093120,4.68335,0.00000,7.0565e-04
1111,9101312,4.52718,0.00000,7.0556e-04
1112,9109504,4.61670,0.00000,7.0548e-04
1113,9117696,4.54990,0.00000,7.0539e-04
1114,9125888,4.59949,0.00000,7.0530e-04
1115,9134080,4.59367,0.00000,7.0521e-04
1116,9142272,4.51295,0.00000,7.0512e-04
1117,9150464,4.71237,0.00000,7.0503e-04
1118,9158656,4.62248,0.00000,7.0495e-04
1119,9166848,4.66084,0.00000,7.0486e-04
1120,9175040,4.64728,0.00000,7.0477e-04
1121,9183232,4.53084,0.00000,7.0468e-04
1122,9191424,4.65477,0.00000,7.0459e-04
1123,9199616,4.60750,0.00000,7.0450e-04
1124,9207808,4.66763,0.00000,7.0441e-04
1125,9216000,4.47632,0.00000,7.0432e-04
1126,9224192,4.60596,0.00000,7.0424e-04
1127,9232384,4.55220,0.00000,7.0415e-04
1128,9240576,4.51167,0.00000,7.0406e-04
1129,9248768,4.69224,0.00000,7.0397e-04
1130,9256960,4.55168,0.00000,7.0388e-04
1131,9265152,4.60317,0.00000,7.0379e-04
1132,9273344,4.60238,0.00000,7.0370e-04
1133,9281536,4.58784,0.00000,7.0361e-04
1134,9289728,4.59492,0.00000,7.0352e-04
1135,9297920,4.50242,0.00000,7.0343e-04
1136,9306112,4.62542,0.00000,7.0334e-04
1137,9314304,4.58581,0.00000,7.0325e-04
1138,9322496,4.67593,0.00000,7.0316e-04
1139,9330688,4.61447,0.00000,7.0307e-04
1140,9338880,4.59540,0.00000,7.0298e-04
1141,9347072,4.50234,0.00000,7.0289e-04
1142,9355264,4.63623,0.00000,7.0280e-04
1143,9363456,4.52413,0.00000,7.0271e-04
1144,9371648,4.62564,0.00000,7.0262e-04
1145,9379840,4.68473,0.00000,7.0253e-04
1146,9388032,4.59795,0.00000,7.0244e-04
1147,9396224,4.43807,0.00000,7.0235e-04
1148,9404416,4.56901,0.00000,7.0226e-04
1149,9412608,4.56826,0.00000,7.0216e-04
1150,9420800,4.56533,0.00000,7.0207e-04
1151,9428992,4.59931,0.00000,7.0198e-04
1152,9437184,4.64575,0.00000,7.0189e-04
1153,9445376,4.57596,0.00000,7.0180e-04
1154,9453568,4.54311,0.00000,7.0171e-04
1155,9461760,4.59111,0.00000,7.0162e-04
1156,9469952,4.62296,0.00000,7.0153e-04
1157,9478144,4.55297,0.00000,7.0143e-04
1158,9486336,4.45462,0.00000,7.0134e-04
1159,9494528,4.55219,0.00000,7.0125e-04
1160,9502720,4.63546,0.00000,7.0116e-04
1161,9510912,4.48896,0.00000,7.0107e-04
1162,9519104,4.57350,0.00000,7.0097e-04
1163,9527296,4.49531,0.00000,7.0088e-04
1164,9535488,4.60789,0.00000,7.0079e-04
1165,9543680,4.78624,0.00000,7.0070e-04
1166,9551872,4.46986,0.00000,7.0061e-04
1167,9560064,4.47478,0.00000,7.0051e-04
1168,9568256,4.52390,0.00000,7.0042e-04
1169,9576448,4.57214,0.00000,7.0033e-04
1170,9584640,4.40930,0.00000,7.0024e-04
1171,9592832,4.49376,0.00000,7.0014e-04
1172,9601024,4.50816,0.00000,7.0005e-04
1173,9609216,4.52442,0.00000,6.9996e-04
1174,9617408,4.52802,0.00000,6.9986e-04
1175,9625600,4.56340,0.00000,6.9977e-04
1176,9633792,4.55673,0.00000,6.9968e-04
1177,9641984,4.54077,0.00000,6.9959e-04
1178,9650176,4.63941,0.00000,6.9949e-04
1179,9658368,4.56087,0.00000,6.9940e-04
1180,9666560,4.65096,0.00000,6.9931e-04
1181,9674752,4.55649,0.00000,6.9921e-04
1182,9682944,4.58947,0.00000,6.9912e-04
1183,9691136,4.59832,0.00000,6.9902e-04
1184,9699328,4.43469,0.00000,6.9893e-04
1185,9707520,4.55010,0.00000,6.9884e-04
1186,9715712,4.57986,0.00000,6.9874e-04
1187,9723904,4.53264,0.00000,6.9865e-04
1188,9732096,4.63030,0.00000,6.9856e-04
1189,9740288,4.51775,0.00000,6.9846e-04
1190,9748480,4.64654,0.00000,6.9837e-04
1191,9756672,4.53731,0.00000,6.9827e-04
1192,9764864,4.49930,0.00000,6.9818e-04
1193,9773056,4.49558,0.00000,6.9808e-04
1194,9781248,4.68646,0.00000,6.9799e-04
1195,9789440,4.62676,0.00000,6.9789e-04
1196,9797632,4.64099,0.00000,6.9780e-04
1197,9805824,4.49830,0.00000,6.9771e-04
1198,9814016,4.47987,0.00000,6.9761e-04
1199,9822208,4.46118,0.00000,6.9752e-04
1200,9830400,4.55244,0.00000,6.9742e-04
1201,9838592,4.50545,0.00000,6.9733e-04
1202,9846784,4.55212,0.00000,6.9723e-04
1203,9854976,4.67058,0.00000,6.9714e-04
1204,9863168,4.66189,0.00000,6.9704e-04
1205,9871360,4.50856,0.00000,6.9694e-04
1206,9879552,4.54998,0.00000,6.9685e-04
1207,9887744,4.44446,0.00000,6.9675e-04
1208,9895936,4.59412,0.00000,6.9666e-04
1209,9904128,4.47567,0.00000,6.9656e-04
1210,9912320,4.53031,0.00000,6.9647e-04
1211,9920512,4.42137,0.00000,6.9637e-04
1212,9928704,4.46658,0.00000,6.9627e-04
1213,9936896,4.58110,0.00000,6.9618e-04
1214,9945088,4.49877,0.00000,6.9608e-04
1215,9953280,4.61984,0.00000,6.9599e-04
1216,9961472,4.42104,0.00000,6.9589e-04
1217,9969664,4.46456,0.00000,6.9579e-04
1218,9977856,4.58903,0.00000,6.9570e-04
1219,9986048,4.41717,0.00000,6.9560e-04
1220,9994240,4.62947,0.00000,6.9550e-04
1221,10002432,4.45279,0.00000,6.9541e-04
1222,10010624,4.49337,0.00000,6.9531e-04
1223,10018816,4.54824,0.00000,6.9521e-04
1224,10027008,4.53447,0.00000,6.9512e-04
1225,10035200,4.49417,0.00000,6.9502e-04
1226,10043392,4.51766,0.00000,6.9492e-04
1227,10051584,4.54220,0.00000,6.9483e-04
1228,10059776,4.40796,0.00000,6.9473e-04
1229,10067968,4.51975,0.00000,6.9463e-04
1230,10076160,4.60802,0.00000,6.9453e-04
1231,10084352,4.50633,0.00000,6.9444e-04
1232,10092544,4.52556,0.00000,6.9434e-04
1233,10100736,4.56815,0.00000,6.9424e-04
1234,10108928,4.29808,0.00000,6.9414e-04
1235,10117120,4.60089,0.00000,6.9405e-04
1236,10125312,4.49349,0.00000,6.9395e-04
1237,10133504,4.55406,0.00000,6.9385e-04
1238,10141696,4.53421,0.00000,6.9375e-04
1239,10149888,4.57358,0.00000,6.9366e-04
1240,10158080,4.40812,0.00000,6.9356e-04
1241,10166272,4.43423,0.00000,6.9346e-04
1242,10174464,4.53198,0.00000,6.9336e-04
1243,10182656,4.57315,0.00000,6.9326e-04
1244,10190848,4.53328,0.00000,6.9316e-04
1245,10199040,4.50929,0.00000,6.9307e-04
1246,10207232,4.50762,0.00000,6.9297e-04
1247,10215424,4.43029,0.00000,6.9287e-04
1248,10223616,4.58525,0.00000,6.9277e-04
1249,10231808,4.50399,0.00000,6.9267e-04
1250,10240000,4.57496,0.00000,6.9257e-04
1251,10248192,4.59033,0.00000,6.9247e-04
1252,10256384,4.46126,0.00000,6.9237e-04
1253,10264576,4.45147,0.00000,6.9227e-04
1254,10272768,4.49243,0.00000,6.9218e-04
1255,10280960,4.39660,0.00000,6.9208e-04
1256,10289152,4.55679,0.00000,6.9198e-04
1257,10297344,4.64572,0.00000,6.9188e-04
1258,10305536,4.58873,0.00000,6.9178e-04
1259,10313728,4.40757,0.00000,6.9168e-04
1260,10321920,4.52919,0.00000,6.9158e-04
1261,10330112,4.46777,0.00000,6.9148e-04
1262,10338304,4.45237,0.00000,6.9138e-04
1263,10346496,4.63212,0.00000,6.9128e-04
1264,10354688,4.52369,0.00000,6.9118e-04
1265,10362880,4.44714,0.00000,6.9108e-04
1266,10371072,4.48818,0.00000,6.9098e-04
1267,10379264,4.65672,0.00000,6.9088e-04
1268,10387456,4.43900,0.00000,6.9078e-04
1269,10395648,4.55461,0.00000,6.9068e-04
1270,10403840,4.50419,0.00000,6.9058e-04
1271,10412032,4.42107,0.00000,6.9048e-04
1272,10420224,4.47275,0.00000,6.9038e-04
1273,10428416,4.53556,0.00000,6.9028e-04
1274,10436608,4.53178,0.00000,6.9018e-04
1275,10444800,4.53721,0.00000,6.9007e-04
1276,10452992,4.48690,0.00000,6.8997e-04
1277,10461184,4.50867,0.00000,6.8987e-04
1278,10469376,4.48140,0.00000,6.8977e-04
1279,10477568,4.47946,0.00000,6.8967e-04
1280,10485760,4.47184,0.00000,6.8957e-04
1281,10493952,4.52766,0.00000,6.8947e-04
1282,10502144,4.42809,0.00000,6.8937e-04
1283,10510336,4.45994,0.00000,6.8927e-04
1284,10518528,4.46691,0.00000,6.8916e-04
1285,10526720,4.54138,0.00000,6.8906e-04
1286,10534912,4.51901,0.00000,6.8896e-04
1287,10543104,4.32427,0.00000,6.8886e-04
1288,10551296,4.40190,0.00000,6.8876e-04
1289,10559488,4.48764,0.00000,6.8866e-04
1290,10567680,4.47558,0.00000,6.8855e-04
1291,10575872,4.46606,0.00000,6.8845e-04
1292,10584064,4.29448,0.00000,6.8835e-04
1293,10592256,4.50266,0.00000,6.8825e-04
1294,10600448,4.34078,0.00000,6.8815e-04
1295,10608640,4.49080,0.00000,6.8804e-04
1296,10616832,4.42244,0.00000,6.8794e-04
1297,10625024,4.36882,0.00000,6.8784e-04
1298,10633216,4.41357,0.00000,6.8774e-04
1299,10641408,4.61450,0.00000,6.8763e-04
1300,10649600,4.52697,0.00000,6.8753e-04
1301,10657792,4.24524,0.00000,6.8743e-04
1302,10665984,4.48157,0.00000,6.8732e-04
1303,10674176,4.48717,0.00000,6.8722e-04
1304,10682368,4.46439,0.00000,6.8712e-04
1305,10690560,4.46392,0.00000,6.8702e-04
1306,10698752,4.60100,0.00000,6.8691e-04
1307,10706944,4.45948,0.00000,6.8681e-04
1308,10715136,4.56361,0.00000,6.8671e-04
1309,10723328,4.41961,0.00000,6.8660e-04
1310,10731520,4.48477,0.00000,6.8650e-04
1311,10739712,4.35764,0.00000,6.8640e-04
1312,10747904,4.46832,0.00000,6.8629e-04
1313,10756096,4.51429,0.00000,6.8619e-04
1314,10764288,4.54011,0.00000,6.8608e-04
1315,10772480,4.48053,0.00000,6.8598e-04
1316,10780672,4.44941,0.00000,6.8588e-04
1317,10788864,4.42417,0.00000,6.8577e-04
1318,10797056,4.44674,0.00000,6.8567e-04
1319,10805248,4.49282,0.00000,6.8556e-04
1320,10813440,4.49797,0.00000,6.8546e-04
1321,10821632,4.42851,0.00000,6.8536e-04
1322,10829824,4.51785,0.00000,6.8525e-04
1323,10838016,4.42055,0.00000,6.8515e-04
1324,10846208,4.40839,0.00000,6.8504e-04
1325,10854400,4.42686,0.00000,6.8494e-04
1326,10862592,4.45874,0.00000,6.8483e-04
1327,10870784,4.43220,0.00000,6.8473e-04
1328,10878976,4.42635,0.00000,6.8462e-04
1329,10887168,4.42078,0.00000,6.8452e-04
1330,10895360,4.40746,0.00000,6.8441e-04
1331,10903552,4.44993,0.00000,6.8431e-04
1332,10911744,4.45528,0.00000,6.8420e-04
1333,10919936,4.39389,0.00000,6.8410e-04
1334,10928128,4.43870,0.00000,6.8399e-04
1335,10936320,4.50095,0.00000,6.8389e-04
1336,10944512,4.46316,0.00000,6.8378e-04
1337,10952704,4.29787,0.00000,6.8368e-04
1338,10960896,4.46659,0.00000,6.8357e-04
1339,10969088,4.45538,0.00000,6.8347e-04
1340,10977280,4.44252,0.00000,6.8336e-04
1341,10985472,4.40839,0.00000,6.8325e-04
1342,10993664,4.42338,0.00000,6.8315e-04
1343,11001856,4.49378,0.00000,6.8304e-04
1344,11010048,4.39490,0.00000,6.8294e-04
1345,11018240,4.44747,0.00000,6.8283e-04
1346,11026432,4.49001,0.00000,6.8272e-04
1347,11034624,4.41571,0.00000,6.8262e-04
1348,11042816,4.51437,0.00000,6.8251e-04
1349,11051008,4.40956,0.00000,6.8240e-04
1350,11059200,4.38373,0.00000,6.8230e-04
1351,11067392,4.21367,0.00000,6.8219e-04
1352,11075584,4.43104,0.00000,6.8209e-04
1353,11083776,4.39548,0.00000,6.8198e-04
1354,11091968,4.57554,0.00000,6.8187e-04
1355,11100160,4.52101,0.00000,6.8176e-04
1356,11108352,4.34686,0.00000,6.8166e-04
1357,11116544,4.41732,0.00000,6.8155e-04
1358,11124736,4.42063,0.00000,6.8144e-04
1359,11132928,4.61844,0.00000,6.8134e-04
1360,11141120,4.44445,0.00000,6.8123e-04
1361,11149312,4.37045,0.00000,6.8112e-04
1362,11157504,4.40944,0.00000,6.8101e-04
1363,11165696,4.51574,0.00000,6.8091e-04
1364,11173888,4.26826,0.00000,6.8080e-04
1365,11182080,4.32661,0.00000,6.8069e-04
1366,11190272,4.45645,0.00000,6.8058e-04
1367,11198464,4.34282,0.00000,6.8048e-04
1368,11206656,4.25262,0.00000,6.8037e-04
1369,11214848,4.46433,0.00000,6.8026e-04
1370,11223040,4.44023,0.00000,6.8015e-04
1371,11231232,4.45415,0.00000,6.8005e-04
1372,11239424,4.39214,0.00000,6.7994e-04
1373,11247616,4.43761,0.00000,6.7983e-04
1374,11255808,4.41212,0.00000,6.7972e-04
1375,11264000,4.45502,0.00000,6.7961e-04
1376,11272192,4.43591,0.00000,6.7950e-04
1377,11280384,4.44526,0.00000,6.7940e-04
1378,11288576,4.54987,0.00000,6.7929e-04
1379,11296768,4.28387,0.00000,6.7918e-04
1380,11304960,4.42786,0.00000,6.7907e-04
1381,11313152,4.42739,0.00000,6.7896e-04
1382,11321344,4.55423,0.00000,6.7885e-04
1383,11329536,4.50033,0.00000,6.7874e-04
1384,11337728,4.37628,0.00000,6.7863e-04
1385,11345920,4.39182,0.00000,6.7853e-04
1386,11354112,4.40811,0.00000,6.7842e-04
1387,11362304,4.25752,0.00000,6.7831e-04
1388,11370496,4.49699,0.00000,6.7820e-04
1389,11378688,4.38314,0.00000,6.7809e-04
1390,11386880,4.46785,0.00000,6.7798e-04
1391,11395072,4.49656,0.00000,6.7787e-04
1392,11403264,4.29350,0.00000,6.7776e-04
1393,11411456,4.51825,0.00000,6.7765e-04
1394,11419648,4.41282,0.00000,6.7754e-04
1395,11427840,4.33407,0.00000,6.7743e-04
1396,11436032,4.37087,0.00000,6.7732e-04
1397,11444224,4.47180,0.00000,6.7721e-04
1398,11452416,4.36980,0.00000,6.7710e-04
1399,11460608,4.32795,0.00000,6.7699e-04
1400,11468800,4.43879,0.00000,6.7688e-04
1401,11476992,4.24247,0.00000,6.7677e-04
1402,11485184,4.30445,0.00000,6.7666e-04
1403,11493376,4.33276,0.00000,6.7655e-04
1404,11501568,4.45717,0.00000,6.7644e-04
1405,11509760,4.37976,0.00000,6.7633e-04
1406,11517952,4.38589,0.00000,6.7622e-04
1407,11526144,4.38268,0.00000,6.7611e-04
1408,11534336,4.39021,0.00000,6.7600e-04
1409,11542528,4.35951,0.00000,6.7589e-04
1410,11550720,4.41145,0.00000,6.7577e-04
1411,11558912,4.38935,0.00000,6.7566e-04
1412,11567104,4.47699,0.00000,6.7555e-04
1413,11575296,4.51957,0.00000,6.7544e-04
1414,11583488,4.51259,0.00000,6.7533e-04
1415,11591680,4.35682,0.00000,6.7522e-04
1416,11599872,4.47036,0.00000,6.7511e-04
1417,11608064,4.60020,0.00000,6.7500e-04
1418,11616256,4.35409,0.00000,6.7489e-04
1419,11624448,4.25676,0.00000,6.7477e-04
1420,11632640,4.25526,0.00000,6.7466e-04
1421,11640832,4.25020,0.00000,6.7455e-04
1422,11649024,4.34390,0.00000,6.7444e-04
1423,11657216,4.21041,0.00000,6.7433e-04
1424,11665408,4.44442,0.00000,6.7421e-04
1425,11673600,4.25875,0.00000,6.7410e-04
1426,11681792,4.33422,0.00000,6.7399e-04
1427,11689984,4.39657,0.00000,6.7388e-04
1428,11698176,4.44915,0.00000,6.7377e-04
1429,11706368,4.39114,0.00000,6.7365e-04
1430,11714560,4.42901,0.00000,6.7354e-04
1431,11722752,4.58089,0.00000,6.7343e-04
1432,11730944,4.42431,0.00000,6.7332e-04
1433,11739136,4.36512,0.00000,6.7320e-04
1434,11747328,4.47055,0.00000,6.7309e-04
1435,11755520,4.30312,0.00000,6.7298e-04
1436,11763712,4.33762,0.00000,6.7287e-04
1437,11771904,4.36540,0.00000,6.7275e-04
1438,11780096,4.34300,0.00000,6.7264e-04
1439,11788288,4.34449,0.00000,6.7253e-04
1440,11796480,4.32319,0.00000,6.7241e-04
1441,11804672,4.32281,0.00000,6.7230e-04
1442,11812864,4.30128,0.00000,6.7219e-04
1443,11821056,4.24968,0.00000,6.7208e-04
1444,11829248,4.34068,0.00000,6.7196e-04
1445,11837440,4.48597,0.00000,6.7185e-04
1446,11845632,4.48244,0.00000,6.7174e-04
1447,11853824,4.29115,0.00000,6.7162e-04
1448,11862016,4.42436,0.00000,6.7151e-04
1449,11870208,4.38939,0.00000,6.7139e-04
1450,11878400,4.37134,0.00000,6.7128e-04
1451,11886592,4.35159,0.00000,6.7117e-04
1452,11894784,4.36307,0.00000,6.7105e-04
1453,11902976,4.47040,0.00000,6.7094e-04
1454,11911168,4.45014,0.00000,6.7082e-04
1455,11919360,4.34624,0.00000,6.7071e-04
1456,11927552,4.38613,0.00000,6.7060e-04
1457,11935744,4.27681,0.00000,6.7048e-04
1458,11943936,4.23450,0.00000,6.7037e-04
1459,11952128,4.39930,0.00000,6.7025e-04
1460,11960320,4.43741,0.00000,6.7014e-04
1461,11968512,4.38943,0.00000,6.7002e-04
1462,11976704,4.37193,0.00000,6.6991e-04
1463,11984896,4.37523,0.00000,6.6979e-04
1464,11993088,4.45479,0.00000,6.6968e-04
1465,12001280,4.45193,0.00000,6.6957e-04
1466,12009472,4.36041,0.00000,6.6945e-04
1467,12017664,4.48024,0.00000,6.6934e-04
1468,12025856,4.25408,0.00000,6.6922e-04
1469,12034048,4.31218,0.00000,6.6911e-04
1470,12042240,4.50656,0.00000,6.6899e-04
1471,12050432,4.50277,0.00000,6.6887e-04
1472,12058624,4.43676,0.00000,6.6876e-04
1473,12066816,4.41860,0.00000,6.6864e-04
1474,12075008,4.37806,0.00000,6.6853e-04
1475,12083200,4.19400,0.00000,6.6841e-04
1476,12091392,4.43675,0.00000,6.6830e-04
1477,12099584,4.35663,0.00000,6.6818e-04
1478,12107776,4.40424,0.00000,6.6807e-04
1479,12115968,4.38173,0.00000,6.6795e-04
1480,12124160,4.38326,0.00000,6.6783e-04
1481,12132352,4.35106,0.00000,6.6772e-04
1482,12140544,4.40112,0.00000,6.6760e-04
1483,12148736,4.48646,0.00000,6.6749e-04
1484,12156928,4.43215,0.00000,6.6737e-04
1485,12165120,4.42211,0.00000,6.6725e-04
1486,12173312,4.30506,0.00000,6.6714e-04
1487,12181504,4.32810,0.00000,6.6702e-04
1488,12189696,4.41732,0.00000,6.6690e-04
1489,12197888,4.17617,0.00000,6.6679e-04
1490,12206080,4.33527,0.00000,6.6667e-04
1491,12214272,4.44416,0.00000,6.6655e-04
1492,12222464,4.46374,0.00000,6.6644e-04
1493,12230656,4.30362,0.00000,6.6632e-04
1494,12238848,4.45411,0.00000,6.6620e-04
1495,12247040,4.25558,0.00000,6.6609e-04
1496,12255232,4.31921,0.00000,6.6597e-04
1497,12263424,4.36205,0.00000,6.6585e-04
1498,12271616,4.38962,0.00000,6.6574e-04
1499,12279808,4.18626,0.00000,6.6562e-04
1500,12288000,4.39711,0.00000,6.6550e-04
1501,12296192,4.28335,0.00000,6.6538e-04
1502,12304384,4.32732,0.00000,6.6527e-04
1503,12312576,4.28106,0.00000,6.6515e-04
1504,12320768,4.35437,0.00000,6.6503e-04
1505,12328960,4.36001,0.00000,6.6491e-04
1506,12337152,4.35567,0.00000,6.6480e-04
1507,12345344,4.30278,0.00000,6.6468e-04
1508,12353536,4.42752,0.00000,6.6456e-04
1509,12361728,4.28264,0.00000,6.6444e-04
1510,12369920,4.32028,0.00000,6.6433e-04
1511,12378112,4.34383,0.00000,6.6421e-04
1512,12386304,4.38338,0.00000,6.6409e-04
1513,12394496,4.23432,0.00000,6.6397e-04
1514,12402688,4.27124,0.00000,6.6385e-04
1515,12410880,4.33701,0.00000,6.6373e-04
1516,12419072,4.36663,0.00000,6.6362e-04
1517,12427264,4.34039,0.00000,6.6350e-04
1518,12435456,4.28728,0.00000,6.6338e-04
1519,12443648,4.28520,0.00000,6.6326e-04
1520,12451840,4.33292,0.00000,6.6314e-04
1521,12460032,4.23972,0.00000,6.6302e-04
1522,12468224,4.31334,0.00000,6.6290e-04
1523,12476416,4.26130,0.00000,6.6278e-04
1524,12484608,4.39612,0.00000,6.6267e-04
1525,12492800,4.20173,0.00000,6.6255e-04
1526,12500992,4.32088,0.00000,6.6243e-04
1527,12509184,4.35011,0.00000,6.6231e-04
1528,12517376,4.45491,0.00000,6.6219e-04
1529,12525568,4.48702,0.00000,6.6207e-04
1530,12533760,4.39716,0.00000,6.6195e-04
1531,12541952,4.37777,0.00000,6.6183e-04
1532,12550144,4.34597,0.00000,6.6171e-04
1533,12558336,4.46253,0.00000,6.6159e-04
1534,12566528,4.48026,0.00000,6.6147e-04
1535,12574720,4.25667,0.00000,6.6135e-04
1536,12582912,4.28388,0.00000,6.6123e-04
1537,12591104,4.23639,0.00000,6.6111e-04
1538,12599296,4.34496,0.00000,6.6099e-04
1539,12607488,4.26359,0.00000,6.6087e-04
1540,12615680,4.26887,0.00000,6.6075e-04
1541,12623872,4.37035,0.00000,6.6063e-04
1542,12632064,4.39087,0.00000,6.6051e-04
1543,12640256,4.17011,0.00000,6.6039e-04
1544,12648448,4.37003,0.00000,6.6027e-04
1545,12656640,4.24213,0.00000,6.6015e-04
1546,12664832,4.35673,0.00000,6.6003e-04
1547,12673024,4.51556,0.00000,6.5991e-04
1548,12681216,4.32933,0.00000,6.5979e-04
1549,12689408,4.35625,0.00000,6.5967e-04
1550,12697600,4.35526,0.00000,6.5955e-04
1551,12705792,4.30485,0.00000,6.5943e-04
1552,12713984,4.35505,0.00000,6.5931e-04
1553,12722176,4.46659,0.00000,6.5919e-04
1554,12730368,4.33611,0.00000,6.5907e-04
1555,12738560,4.23169,0.00000,6.5894e-04
1556,12746752,4.29634,0.00000,6.5882e-04
1557,12754944,4.39282,0.00000,6.5870e-04
1558,12763136,4.38182,0.00000,6.5858e-04
1559,12771328,4.35212,0.00000,6.5846e-04
1560,12779520,4.24153,0.00000,6.5834e-04
1561,12787712,4.39044,0.00000,6.5822e-04
1562,12795904,4.27393,0.00000,6.5809e-04
1563,12804096,4.21359,0.00000,6.5797e-04
1564,12812288,4.22652,0.00000,6.5785e-04
1565,12820480,4.37680,0.00000,6.5773e-04
1566,12828672,4.30458,0.00000,6.5761e-04
1567,12836864,4.32250,0.00000,6.5749e-04
1568,12845056,4.55516,0.00000,6.5736e-04
1569,12853248,4.40079,0.00000,6.5724e-04
1570,12861440,4.32041,0.00000,6.5712e-04
1571,12869632,4.44050,0.00000,6.5700e-04
1572,12877824,4.38175,0.00000,6.5688e-04
1573,12886016,4.45157,0.00000,6.5675e-04
1574,12894208,4.34295,0.00000,6.5663e-04
1575,12902400,4.23533,0.00000,6.5651e-04
1576,12910592,4.22831,0.00000,6.5639e-04
1577,12918784,4.29539,0.00000,6.5626e-04
1578,12926976,4.25229,0.00000,6.5614e-04
1579,12935168,4.25186,0.00000,6.5602e-04
1580,12943360,4.28439,0.00000,6.5589e-04
1581,12951552,4.37745,0.00000,6.5577e-04
1582,12959744,4.33647,0.00000,6.5565e-04
1583,12967936,4.32069,0.00000,6.5553e-04
1584,12976128,4.25928,0.00000,6.5540e-04
1585,12984320,4.21922,0.00000,6.5528e-04
1586,12992512,4.30596,0.00000,6.5516e-04
1587,13000704,4.40079,0.00000,6.5503e-04
1588,13008896,4.25166,0.00000,6.5491e-04
1589,13017088,4.33766,0.00000,6.5479e-04
1590,13025280,4.44811,0.00000,6.5466e-04
1591,13033472,4.17531,0.00000,6.5454e-04
1592,13041664,4.39569,0.00000,6.5442e-04
1593,13049856,4.33567,0.00000,6.5429e-04
1594,13058048,4.27284,0.00000,6.5417e-04
1595,13066240,4.30902,0.00000,6.5405e-04
1596,13074432,4.17659,0.00000,6.5392e-04
1597,13082624,4.34730,0.00000,6.5380e-04
1598,13090816,4.21133,0.00000,6.5367e-04
1599,13099008,4.38342,0.00000,6.5355e-04
1600,13107200,4.00654,0.00000,6.5343e-04
1601,13115392,4.28536,0.00000,6.5330e-04
1602,13123584,4.12860,0.00000,6.5318e-04
1603,13131776,4.32282,0.00000,6.5305e-04
1604,13139968,4.27115,0.00000,6.5293e-04
1605,13148160,4.34625,0.00000,6.5280e-04
1606,13156352,4.32353,0.00000,6.5268e-04
1607,13164544,4.35206,0.00000,6.5255e-04
1608,13172736,4.50379,0.00000,6.5243e-04
1609,13180928,4.23027,0.00000,6.5231e-04
1610,13189120,4.30943,0.00000,6.5218e-04
1611,13197312,4.23195,0.00000,6.5206e-04
1612,13205504,4.33541,0.00000,6.5193e-04
1613,13213696,4.20598,0.00000,6.5181e-04
1614,13221888,4.26237,0.00000,6.5168e-04
1615,13230080,4.31656,0.00000,6.5156e-04
1616,13238272,4.29690,0.00000,6.5143e-04
1617,13246464,4.33423,0.00000,6.5131e-04
1618,13254656,4.30545,0.00000,6.5118e-04
1619,13262848,4.31851,0.00000,6.5105e-04
1620,13271040,4.25817,0.00000,6.5093e-04
1621,13279232,4.30855,0.00000,6.5080e-04
1622,13287424,4.41054,0.00000,6.5068e-04
1623,13295616,4.33236,0.00000,6.5055e-04
1624,13303808,4.28440,0.00000,6.5043e-04
1625,13312000,4.27473,0.00000,6.5030e-04
1626,13320192,4.42043,0.00000,6.5018e-04
1627,13328384,4.32490,0.00000,6.5005e-04
1628,13336576,4.23132,0.00000,6.4992e-04
1629,13344768,4.32137,0.00000,6.4980e-04
1630,13352960,4.24100,0.00000,6.4967e-04
1631,13361152,4.30142,0.00000,6.4954e-04
1632,13369344,4.30448,0.00000,6.4942e-04
1633,13377536,4.34735,0.00000,6.4929e-04
1634,13385728,4.19476,0.00000,6.4917e-04
1635,13393920,4.31973,0.00000,6.4904e-04
1636,13402112,4.31465,0.00000,6.4891e-04
1637,13410304,4.23079,0.00000,6.4879e-04
1638,13418496,4.29665,0.00000,6.4866e-04
1639,13426688,4.40762,0.00000,6.4853e-04
1640,13434880,4.22766,0.00000,6.4841e-04
1641,13443072,4.31954,0.00000,6.4828e-04
1642,13451264,4.24625,0.00000,6.4815e-04
1643,13459456,4.40666,0.00000,6.4803e-04
1644,13467648,4.37565,0.00000,6.4790e-04
1645,13475840,4.33328,0.00000,6.4777e-04
1646,13484032,4.38512,0.00000,6.4764e-04
1647,13492224,4.23884,0.00000,6.4752e-04
1648,13500416,4.18845,0.00000,6.4739e-04
1649,13508608,4.22730,0.00000,6.4726e-04
1650,13516800,4.18985,0.00000,6.4714e-04
1651,13524992,4.31860,0.00000,6.4701e-04
1652,13533184,4.37005,0.00000,6.4688e-04
1653,13541376,4.23283,0.00000,6.4675e-04
1654,13549568,4.29192,0.00000,6.4663e-04
1655,13557760,4.33306,0.00000,6.4650e-04
1656,13565952,4.42850,0.00000,6.4637e-04
1657,13574144,4.35855,0.00000,6.4624e-04
1658,13582336,4.27381,0.00000,6.4611e-04
1659,13590528,4.35125,0.00000,6.4599e-04
1660,13598720,4.40845,0.00000,6.4586e-04
1661,13606912,4.22081,0.00000,6.4573e-04
1662,13615104,4.22554,0.00000,6.4560e-04
1663,13623296,4.22191,0.00000,6.4547e-04
1664,13631488,4.28210,0.00000,6.4535e-04
1665,13639680,4.30759,0.00000,6.4522e-04
1666,13647872,4.26729,0.00000,6.4509e-04
1667,13656064,4.40375,0.00000,6.4496e-04
1668,13664256,4.31736,0.00000,6.4483e-04
1669,13672448,4.23279,0.00000,6.4470e-04
1670,13680640,4.32072,0.00000,6.4457e-04
1671,13688832,4.39809,0.00000,6.4445e-04
1672,13697024,4.30644,0.00000,6.4432e-04
1673,13705216,4.15982,0.00000,6.4419e-04
1674,13713408,4.29845,0.00000,6.4406e-04
1675,13721600,4.16377,0.00000,6.4393e-04
1676,13729792,4.40088,0.00000,6.4380e-04
1677,13737984,4.34370,0.00000,6.4367e-04
1678,13746176,4.23562,0.00000,6.4354e-04
1679,13754368,4.02439,0.00000,6.4341e-04
1680,13762560,4.24494,0.00000,6.4328e-04
1681,13770752,4.24504,0.00000,6.4315e-04
1682,13778944,4.28227,0.00000,6.4302e-04
1683,13787136,4.13574,0.00000,6.4290e-04
1684,13795328,4.25496,0.00000,6.4277e-04
1685,13803520,4.30970,0.00000,6.4264e-04
1686,13811712,4.29760,0.00000,6.4251e-04
1687,13819904,4.26401,0.00000,6.4238e-04
1688,13828096,4.32013,0.00000,6.4225e-04
1689,13836288,4.20495,0.00000,6.4212e-04
1690,13844480,4.27837,0.00000,6.4199e-04
1691,13852672,4.25016,0.00000,6.4186e-04
1692,13860864,4.23381,0.00000,6.4173e-04
1693,13869056,4.22373,0.00000,6.4160e-04
1694,13877248,4.32786,0.00000,6.4147e-04
1695,13885440,4.38464,0.00000,6.4134e-04
1696,13893632,4.40862,0.00000,6.4121e-04
1697,13901824,4.42464,0.00000,6.4108e-04
1698,13910016,4.39090,0.00000,6.4095e-04
1699,13918208,4.22419,0.00000,6.4081e-04
1700,13926400,4.33909,0.00000,6.4068e-04
1701,13934592,4.32598,0.00000,6.4055e-04
1702,13942784,4.29860,0.00000,6.4042e-04
1703,13950976,4.21609,0.00000,6.4029e-04
1704,13959168,4.17896,0.00000,6.4016e-04
1705,13967360,4.37087,0.00000,6.4003e-04
1706,13975552,4.32218,0.00000,6.3990e-04
1707,13983744,4.27730,0.00000,6.3977e-04
1708,13991936,4.28148,0.00000,6.3964e-04
1709,14000128,4.30969,0.00000,6.3951e-04
1710,14008320,4.10029,0.00000,6.3937e-04
1711,14016512,4.24197,0.00000,6.3924e-04
1712,14024704,4.25257,0.00000,6.3911e-04
1713,14032896,4.26877,0.00000,6.3898e-04
1714,14041088,4.37316,0.00000,6.3885e-04
1715,14049280,4.31357,0.00000,6.3872e-04
1716,14057472,4.26876,0.00000,6.3859e-04
1717,14065664,4.18804,0.00000,6.3845e-04
1718,14073856,4.43281,0.00000,6.3832e-04
1719,14082048,4.16521,0.00000,6.3819e-04
1720,14090240,4.20481,0.00000,6.3806e-04
1721,14098432,4.22096,0.00000,6.3793e-04
1722,14106624,4.23922,0.00000,6.3780e-04
1723,14114816,4.21535,0.00000,6.3766e-04
1724,14123008,4.23704,0.00000,6.3753e-04
1725,14131200,4.24508,0.00000,6.3740e-04
1726,14139392,4.33897,0.00000,6.3727e-04
1727,14147584,4.28959,0.00000,6.3713e-04
1728,14155776,4.31544,0.00000,6.3700e-04
1729,14163968,4.36788,0.00000,6.3687e-04
1730,14172160,4.18382,0.00000,6.3674e-04
1731,14180352,4.22305,0.00000,6.3660e-04
1732,14188544,4.25608,0.00000,6.3647e-04
1733,14196736,4.28464,0.00000,6.3634e-04
1734,14204928,4.38761,0.00000,6.3621e-04
1735,14213120,4.19871,0.00000,6.3607e-04
1736,14221312,4.31630,0.00000,6.3594e-04
1737,14229504,4.22517,0.00000,6.3581e-04
1738,14237696,4.24529,0.00000,6.3568e-04
1739,14245888,4.21382,0.00000,6.3554e-04
1740,14254080,4.23756,0.00000,6.3541e-04
1741,14262272,4.20104,0.00000,6.3528e-04
1742,14270464,4.35738,0.00000,6.3514e-04
1743,14278656,4.40227,0.00000,6.3501e-04
1744,14286848,3.99642,0.00000,6.3488e-04
1745,14295040,4.22726,0.00000,6.3474e-04
1746,14303232,4.31509,0.00000,6.3461e-04
1747,14311424,4.25088,0.00000,6.3448e-04
1748,14319616,4.46773,0.00000,6.3434e-04
1749,14327808,4.32680,0.00000,6.3421e-04
1750,14336000,4.14702,0.00000,6.3408e-04
1751,14344192,4.22410,0.00000,6.3394e-04
1752,14352384,4.29520,0.00000,6.3381e-04
1753,14360576,4.45491,0.00000,6.3367e-04
1754,14368768,4.21115,0.00000,6.3354e-04
1755,14376960,4.26984,0.00000,6.3341e-04
1756,14385152,4.12510,0.00000,6.3327e-04
1757,14393344,4.09286,0.00000,6.3314e-04
1758,14401536,4.28814,0.00000,6.3300e-04
1759,14409728,4.27817,0.00000,6.3287e-04
1760,14417920,4.16005,0.00000,6.3273e-04
1761,14426112,4.26917,0.00000,6.3260e-04
1762,14434304,4.19644,0.00000,6.3247e-04
1763,14442496,4.30095,0.00000,6.3233e-04
1764,14450688,4.22452,0.00000,6.3220e-04
1765,14458880,4.36209,0.00000,6.3206e-04
1766,14467072,4.21198,0.00000,6.3193e-04
1767,14475264,4.29986,0.00000,6.3179e-04
1768,14483456,4.27858,0.00000,6.3166e-04
1769,14491648,4.30439,0.00000,6.3152e-04
1770,14499840,4.23246,0.00000,6.3139e-04
1771,14508032,4.17106,0.00000,6.3125e-04
1772,14516224,4.19491,0.00000,6.3112e-04
1773,14524416,4.20365,0.00000,6.3098e-04
1774,14532608,4.27749,0.00000,6.3085e-04
1775,14540800,4.20854,0.00000,6.3071e-04
1776,14548992,4.31056,0.00000,6.3058e-04
1777,14557184,4.29989,0.00000,6.3044e-04
1778,14565376,4.07438,0.00000,6.3031e-04
1779,14573568,4.22160,0.00000,6.3017e-04
1780,14581760,4.17633,0.00000,6.3004e-04
1781,14589952,4.11864,0.00000,6.2990e-04
1782,14598144,4.10950,0.00000,6.2977e-04
1783,14606336,4.21557,0.00000,6.2963e-04
1784,14614528,4.18525,0.00000,6.2949e-04
1785,14622720,4.28134,0.00000,6.2936e-04
1786,14630912,4.23019,0.00000,6.2922e-04
1787,14639104,4.22346,0.00000,6.2909e-04
1788,14647296,4.33236,0.00000,6.2895e-04
1789,14655488,4.25237,0.00000,6.2881e-04
1790,14663680,4.28642,0.00000,6.2868e-04
1791,14671872,4.22499,0.00000,6.2854e-04
1792,14680064,4.25553,0.00000,6.2841e-04
1793,14688256,4.21811,0.00000,6.2827e-04
1794,14696448,4.04305,0.00000,6.2813e-04
1795,14704640,4.30726,0.00000,6.2800e-04
1796,14712832,4.21737,0.00000,6.2786e-04
1797,14721024,4.14902,0.00000,6.2772e-04
1798,14729216,4.10741,0.00000,6.2759e-04
1799,14737408,4.12284,0.00000,6.2745e-04
1800,14745600,4.22926,0.00000,6.2731e-04
1801,14753792,4.32452,0.00000,6.2718e-04
1802,14761984,4.22788,0.00000,6.2704e-04
1803,14770176,4.35644,0.00000,6.2690e-04
1804,14778368,4.13010,0.00000,6.2677e-04
1805,14786560,4.20446,0.00000,6.2663e-04
1806,14794752,4.13661,0.00000,6.2649e-04
1807,14802944,4.21306,0.00000,6.2635e-04
1808,14811136,4.32009,0.00000,6.2622e-04
1809,14819328,4.18991,0.00000,6.2608e-04
1810,14827520,4.39626,0.00000,6.2594e-04
1811,14835712,4.34658,0.00000,6.2581e-04
1812,14843904,4.25459,0.00000,6.2567e-04
1813,14852096,4.10164,0.00000,6.2553e-04
1814,14860288,4.27451,0.00000,6.2539e-04
1815,14868480,4.27011,0.00000,6.2526e-04
1816,14876672,4.26261,0.00000,6.2512e-04
1817,14884864,4.32744,0.00000,6.2498e-04
1818,14893056,4.41880,0.00000,6.2484e-04
1819,14901248,4.23285,0.00000,6.2470e-04
1820,14909440,4.17601,0.00000,6.2457e-04
1821,14917632,4.29482,0.00000,6.2443e-04
1822,14925824,4.24996,0.00000,6.2429e-04
1823,14934016,4.22546,0.00000,6.2415e-04
1824,14942208,4.20478,0.00000,6.2402e-04
1825,14950400,4.27294,0.00000,6.2388e-04
1826,14958592,4.25846,0.00000,6.2374e-04
1827,14966784,4.21471,0.00000,6.2360e-04
1828,14974976,4.24942,0.00000,6.2346e-04
1829,14983168,4.13666,0.00000,6.2332e-04
1830,14991360,4.33803,0.00000,6.2319e-04
1831,14999552,4.23624,0.00000,6.2305e-04
1832,15007744,4.31317,0.00000,6.2291e-04
1833,15015936,4.19665,0.00000,6.2277e-04
1834,15024128,4.36552,0.00000,6.2263e-04
1835,15032320,4.30987,0.00000,6.2249e-04
1836,15040512,4.18659,0.00000,6.2235e-04
1837,15048704,4.20016,0.00000,6.2221e-04
1838,15056896,4.13918,0.00000,6.2208e-04
1839,15065088,4.08288,0.00000,6.2194e-04
1840,15073280,4.33902,0.00000,6.2180e-04
1841,15081472,4.29839,0.00000,6.2166e-04
1842,15089664,4.15218,0.00000,6.2152e-04
1843,15097856,4.25952,0.00000,6.2138e-04
1844,15106048,4.12466,0.00000,6.2124e-04
1845,15114240,4.22602,0.00000,6.2110e-04
1846,15122432,4.43658,0.00000,6.2096e-04
1847,15130624,4.26661,0.00000,6.2082e-04
1848,15138816,4.02493,0.00000,6.2068e-04
1849,15147008,4.18330,0.00000,6.2054e-04
1850,15155200,4.22405,0.00000,6.2040e-04
1851,15163392,4.18401,0.00000,6.2026e-04
1852,15171584,4.24033,0.00000,6.2012e-04
1853,15179776,4.35681,0.00000,6.1998e-04
1854,15187968,4.21633,0.00000,6.1984e-04
1855,15196160,4.25244,0.00000,6.1970e-04
1856,15204352,4.27013,0.00000,6.1956e-04
1857,15212544,4.16962,0.00000,6.1942e-04
1858,15220736,4.19462,0.00000,6.1928e-04
1859,15228928,4.20509,0.00000,6.1914e-04
1860,15237120,4.28953,0.00000,6.1900e-04
1861,15245312,4.06577,0.00000,6.1886e-04
1862,15253504,4.19340,0.00000,6.1872e-04
1863,15261696,4.17242,0.00000,6.1858e-04
1864,15269888,4.18185,0.00000,6.1844e-04
1865,15278080,4.17045,0.00000,6.1830e-04
1866,15286272,4.28341,0.00000,6.1816e-04
1867,15294464,4.23877,0.00000,6.1802e-04
1868,15302656,4.22796,0.00000,6.1788e-04
1869,15310848,4.32231,0.00000,6.1774e-04
1870,15319040,4.16384,0.00000,6.1760e-04
1871,15327232,4.19910,0.00000,6.1746e-04
1872,15335424,4.25869,0.00000,6.1732e-04
1873,15343616,4.27592,0.00000,6.1718e-04
1874,15351808,4.21603,0.00000,6.1704e-04
1875,15360000,4.18791,0.00000,6.1689e-04
1876,15368192,4.15296,0.00000,6.1675e-04
1877,15376384,4.15398,0.00000,6.1661e-04
1878,15384576,4.22810,0.00000,6.1647e-04
1879,15392768,4.17761,0.00000,6.1633e-04
1880,15400960,3.98995,0.00000,6.1619e-04
1881,15409152,4.26679,0.00000,6.1605e-04
1882,15417344,4.20475,0.00000,6.1591e-04
1883,15425536,4.14913,0.00000,6.1576e-04
1884,15433728,4.19960,0.00000,6.1562e-04
1885,15441920,4.32106,0.00000,6.1548e-04
1886,15450112,4.03556,0.00000,6.1534e-04
1887,15458304,4.25074,0.00000,6.1520e-04
1888,15466496,4.23943,0.00000,6.1506e-04
1889,15474688,4.18620,0.00000,6.1491e-04
1890,15482880,4.16573,0.00000,6.1477e-04
1891,15491072,4.17899,0.00000,6.1463e-04
1892,15499264,4.28628,0.00000,6.1449e-04
1893,15507456,4.19737,0.00000,6.1435e-04
1894,15515648,3.97645,0.00000,6.1420e-04
1895,15523840,4.11579,0.00000,6.1406e-04
1896,15532032,4.30277,0.00000,6.1392e-04
1897,15540224,4.25925,0.00000,6.1378e-04
1898,15548416,4.30060,0.00000,6.1364e-04
1899,15556608,4.06367,0.00000,6.1349e-04
1900,15564800,4.19568,0.00000,6.1335e-04
1901,15572992,4.23170,0.00000,6.1321e-04
1902,15581184,4.19545,0.00000,6.1307e-04
1903,15589376,4.23790,0.00000,6.1292e-04
1904,15597568,4.01051,0.00000,6.1278e-04
1905,15605760,4.16643,0.00000,6.1264e-04
1906,15613952,4.25117,0.00000,6.1249e-04
1907,15622144,4.26046,0.00000,6.1235e-04
1908,15630336,4.19350,0.00000,6.1221e-04
1909,15638528,4.23419,0.00000,6.1207e-04
1910,15646720,4.19724,0.00000,6.1192e-04
1911,15654912,4.24502,0.00000,6.1178e-04
1912,15663104,4.27809,0.00000,6.1164e-04
1913,15671296,4.17679,0.00000,6.1149e-04
1914,15679488,4.23640,0.00000,6.1135e-04
1915,15687680,4.26901,0.00000,6.1121e-04
1916,15695872,4.10548,0.00000,6.1106e-04
1917,15704064,4.04929,0.00000,6.1092e-04
1918,15712256,4.05097,0.00000,6.1078e-04
1919,15720448,4.24966,0.00000,6.1063e-04
1920,15728640,4.34317,0.00000,6.1049e-04
1921,15736832,4.19189,0.00000,6.1035e-04
1922,15745024,4.17201,0.00000,6.1020e-04
1923,15753216,4.28308,0.00000,6.1006e-04
1924,15761408,4.13920,0.00000,6.0992e-04
1925,15769600,4.10065,0.00000,6.0977e-04
1926,15777792,4.17748,0.00000,6.0963e-04
1927,15785984,4.18644,0.00000,6.0948e-04
1928,15794176,4.20795,0.00000,6.0934e-04
1929,15802368,4.29841,0.00000,6.0920e-04
1930,15810560,4.22548,0.00000,6.0905e-04
1931,15818752,4.25755,0.00000,6.0891e-04
1932,15826944,4.21605,0.00000,6.0876e-04
1933,15835136,4.22228,0.00000,6.0862e-04
1934,15843328,4.23169,0.00000,6.0847e-04
1935,15851520,4.16887,0.00000,6.0833e-04
1936,15859712,4.13190,0.00000,6.0819e-04
1937,15867904,4.15856,0.00000,6.0804e-04
1938,15876096,4.23200,0.00000,6.0790e-04
1939,15884288,4.12092,0.00000,6.0775e-04
1940,15892480,4.07735,0.00000,6.0761e-04
1941,15900672,4.16689,0.00000,6.0746e-04
1942,15908864,4.39633,0.00000,6.0732e-04
1943,15917056,4.24747,0.00000,6.0717e-04
1944,15925248,4.17967,0.00000,6.0703e-04
1945,15933440,4.22323,0.00000,6.0688e-04
1946,15941632,4.20744,0.00000,6.0674e-04
1947,15949824,4.26821,0.00000,6.0659e-04
1948,15958016,4.09963,0.00000,6.0645e-04
1949,15966208,4.27359,0.00000,6.0630e-04
1950,15974400,4.33801,0.00000,6.0616e-04
1951,15982592,4.29097,0.00000,6.0601e-04
1952,15990784,4.05009,0.00000,6.0587e-04
1953,15998976,4.04030,0.00000,6.0572e-04
1954,16007168,4.14690,0.00000,6.0558e-04
1955,16015360,4.18464,0.00000,6.0543e-04
1956,16023552,4.25087,0.00000,6.0529e-04
1957,16031744,4.11191,0.00000,6.0514e-04
1958,16039936,4.08425,0.00000,6.0500e-04
1959,16048128,4.28907,0.00000,6.0485e-04
1960,16056320,4.20835,0.00000,6.0470e-04
1961,16064512,4.17116,0.00000,6.0456e-04
1962,16072704,4.20682,0.00000,6.0441e-04
1963,16080896,4.13422,0.00000,6.0427e-04
1964,16089088,4.08986,0.00000,6.0412e-04
1965,16097280,4.17921,0.00000,6.0397e-04
1966,16105472,4.15740,0.00000,6.0383e-04
1967,16113664,4.23126,0.00000,6.0368e-04
1968,16121856,4.21084,0.00000,6.0354e-04
1969,16130048,4.10255,0.00000,6.0339e-04
1970,16138240,4.29193,0.00000,6.0324e-04
1971,16146432,4.12168,0.00000,6.0310e-04
1972,16154624,4.12715,0.00000,6.0295e-04
1973,16162816,4.13523,0.00000,6.0281e-04
1974,16171008,4.18348,0.00000,6.0266e-04
1975,16179200,4.19522,0.00000,6.0251e-04
1976,16187392,4.14156,0.00000,6.0237e-04
1977,16195584,4.18317,0.00000,6.0222e-04
1978,16203776,4.07306,0.00000,6.0207e-04
1979,16211968,4.25300,0.00000,6.0193e-04
1980,16220160,4.12602,0.00000,6.0178e-04
1981,16228352,4.23557,0.00000,6.0163e-04
1982,16236544,4.23701,0.00000,6.0149e-04
1983,16244736,4.07313,0.00000,6.0134e-04
1984,16252928,4.06303,0.00000,6.0119e-04
1985,16261120,4.31885,0.00000,6.0104e-04
1986,16269312,4.10486,0.00000,6.0090e-04
1987,16277504,4.24733,0.00000,6.0075e-04
1988,16285696,4.25777,0.00000,6.0060e-04
1989,16293888,4.16727,0.00000,6.0046e-04
1990,16302080,4.14267,0.00000,6.0031e-04
1991,16310272,4.29224,0.00000,6.0016e-04
1992,16318464,4.10703,0.00000,6.0001e-04
1993,16326656,4.28457,0.00000,5.9987e-04
1994,16334848,4.33368,0.00000,5.9972e-04
1995,16343040,4.12465,0.00000,5.9957e-04
1996,16351232,4.28975,0.00000,5.9942e-04
1997,16359424,4.20504,0.00000,5.9928e-04
1998,16367616,4.20818,0.00000,5.9913e-04
1999,16375808,4.12064,0.00000,5.9898e-04
2000,16384000,4.25270,0.00000,5.9883e-04
2001,16392192,4.23124,0.00000,5.9869e-04
2002,16400384,4.06588,0.00000,5.9854e-04
2003,16408576,4.20006,0.00000,5.9839e-04
2004,16416768,4.18357,0.00000,5.9824e-04
2005,16424960,4.24082,0.00000,5.9809e-04
2006,16433152,4.19220,0.00000,5.9795e-04
2007,16441344,4.11303,0.00000,5.9780e-04
2008,16449536,4.25436,0.00000,5.9765e-04
2009,16457728,4.20455,0.00000,5.9750e-04
2010,16465920,4.25536,0.00000,5.9735e-04
2011,16474112,4.12347,0.00000,5.9720e-04
2012,16482304,4.12524,0.00000,5.9706e-04
2013,16490496,4.19489,0.00000,5.9691e-04
2014,16498688,4.19178,0.00000,5.9676e-04
2015,16506880,4.12581,0.00000,5.9661e-04
2016,16515072,4.03866,0.00000,5.9646e-04
2017,16523264,4.27858,0.00000,5.9631e-04
2018,16531456,4.30704,0.00000,5.9616e-04
2019,16539648,4.11658,0.00000,5.9602e-04
2020,16547840,4.26933,0.00000,5.9587e-04
2021,16556032,4.22413,0.00000,5.9572e-04
2022,16564224,4.15625,0.00000,5.9557e-04
2023,16572416,4.05445,0.00000,5.9542e-04
2024,16580608,3.90578,0.00000,5.9527e-04
2025,16588800,4.03394,0.00000,5.9512e-04
2026,16596992,4.13045,0.00000,5.9497e-04
2027,16605184,4.20168,0.00000,5.9482e-04
2028,16613376,4.10650,0.00000,5.9467e-04
2029,16621568,4.25535,0.00000,5.9453e-04
2030,16629760,4.19837,0.00000,5.9438e-04
2031,16637952,4.06274,0.00000,5.9423e-04
2032,16646144,4.14983,0.00000,5.9408e-04
2033,16654336,4.20948,0.00000,5.9393e-04
2034,16662528,4.16601,0.00000,5.9378e-04
2035,16670720,4.18990,0.00000,5.9363e-04
2036,16678912,4.27326,0.00000,5.9348e-04
2037,16687104,4.12132,0.00000,5.9333e-04
2038,16695296,4.16730,0.00000,5.9318e-04
2039,16703488,4.12010,0.00000,5.9303e-04
2040,16711680,4.24227,0.00000,5.9288e-04
2041,16719872,4.21503,0.00000,5.9273e-04
2042,16728064,4.24672,0.00000,5.9258e-04
2043,16736256,4.11708,0.00000,5.9243e-04
2044,16744448,4.12109,0.00000,5.9228e-04
2045,16752640,4.16220,0.00000,5.9213e-04
2046,16760832,4.10603,0.00000,5.9198e-04
2047,16769024,4.13152,0.00000,5.9183e-04
2048,16777216,4.16445,0.00000,5.9168e-04
2049,16785408,4.11104,0.00000,5.9153e-04
2050,16793600,4.10618,0.00000,5.9138e-04
2051,16801792,4.16841,0.00000,5.9123e-04
2052,16809984,4.22926,0.00000,5.9108e-04
2053,16818176,4.25914,0.00000,5.9093e-04
2054,16826368,4.22991,0.00000,5.9078e-04
2055,16834560,4.21671,0.00000,5.9063e-04
2056,16842752,4.22716,0.00000,5.9048e-04
2057,16850944,4.07860,0.00000,5.9033e-04
2058,16859136,4.13245,0.00000,5.9018e-04
2059,16867328,4.19543,0.00000,5.9002e-04
2060,16875520,4.18097,0.00000,5.8987e-04
2061,16883712,4.08711,0.00000,5.8972e-04
2062,16891904,4.01165,0.00000,5.8957e-04
2063,16900096,4.05884,0.00000,5.8942e-04
2064,16908288,4.04642,0.00000,5.8927e-04
2065,16916480,4.23643,0.00000,5.8912e-04
2066,16924672,4.25996,0.00000,5.8897e-04
2067,16932864,4.12815,0.00000,5.8882e-04
2068,16941056,4.22975,0.00000,5.8867e-04
2069,16949248,4.17327,0.00000,5.8851e-04
2070,16957440,4.16858,0.00000,5.8836e-04
2071,16965632,4.13876,0.00000,5.8821e-04
2072,16973824,4.25970,0.00000,5.8806e-04
2073,16982016,4.26938,0.00000,5.8791e-04
2074,16990208,4.16012,0.00000,5.8776e-04
2075,16998400,4.17325,0.00000,5.8761e-04
2076,17006592,4.17076,0.00000,5.8745e-04
2077,17014784,4.33672,0.00000,5.8730e-04
2078,17022976,4.14563,0.00000,5.8715e-04
2079,17031168,4.30872,0.00000,5.8700e-04
2080,17039360,4.14784,0.00000,5.8685e-04
2081,17047552,4.20906,0.00000,5.8670e-04
2082,17055744,4.20952,0.00000,5.8654e-04
2083,17063936,4.18601,0.00000,5.8639e-04
2084,17072128,4.09003,0.00000,5.8624e-04
2085,17080320,4.13593,0.00000,5.8609e-04
2086,17088512,4.12337,0.00000,5.8594e-04
2087,17096704,4.07783,0.00000,5.8578e-04
2088,17104896,4.17296,0.00000,5.8563e-04
2089,17113088,4.07979,0.00000,5.8548e-04
2090,17121280,4.15155,0.00000,5.8533e-04
2091,17129472,4.18716,0.00000,5.8518e-04
2092,17137664,4.15062,0.00000,5.8502e-04
2093,17145856,4.18252,0.00000,5.8487e-04
2094,17154048,4.20778,0.00000,5.8472e-04
2095,17162240,4.07938,0.00000,5.8457e-04
2096,17170432,4.10084,0.00000,5.8441e-04
2097,17178624,4.23606,0.00000,5.8426e-04
2098,17186816,4.17892,0.00000,5.8411e-04
2099,17195008,4.15319,0.00000,5.8395e-04
2100,17203200,4.11595,0.00000,5.8380e-04
2101,17211392,4.26044,0.00000,5.8365e-04
2102,17219584,4.01715,0.00000,5.8350e-04
2103,17227776,4.30465,0.00000,5.8334e-04
2104,17235968,4.22946,0.00000,5.8319e-04
2105,17244160,4.13414,0.00000,5.8304e-04
2106,17252352,4.09420,0.00000,5.8288e-04
2107,17260544,4.24263,0.00000,5.8273e-04
2108,17268736,4.15741,0.00000,5.8258e-04
2109,17276928,4.11593,0.00000,5.8243e-04
2110,17285120,4.13498,0.00000,5.8227e-04
2111,17293312,4.17424,0.00000,5.8212e-04
2112,17301504,4.13229,0.00000,5.8197e-04
2113,17309696,4.23966,0.00000,5.8181e-04
2114,17317888,4.09846,0.00000,5.8166e-04
2115,17326080,4.19719,0.00000,5.8151e-04
2116,17334272,4.17912,0.00000,5.8135e-04
2117,17342464,4.03779,0.00000,5.8120e-04
2118,17350656,4.10893,0.00000,5.8105e-04
2119,17358848,4.05975,0.00000,5.8089e-04
2120,17367040,4.21706,0.00000,5.8074e-04
2121,17375232,4.11724,0.00000,5.8058e-04
2122,17383424,4.12115,0.00000,5.8043e-04
2123,17391616,4.06021,0.00000,5.8028e-04
2124,17399808,4.05945,0.00000,5.8012e-04
2125,17408000,4.09873,0.00000,5.7997e-04
2126,17416192,4.22297,0.00000,5.7982e-04
2127,17424384,4.16599,0.00000,5.7966e-04
2128,17432576,4.06628,0.00000,5.7951e-04
2129,17440768,4.07835,0.00000,5.7935e-04
2130,17448960,4.13012,0.00000,5.7920e-04
2131,17457152,4.21389,0.00000,5.7904e-04
2132,17465344,4.16828,0.00000,5.7889e-04
2133,17473536,4.13471,0.00000,5.7874e-04
2134,17481728,4.13291,0.00000,5.7858e-04
2135,17489920,4.04364,0.00000,5.7843e-04
2136,17498112,4.10901,0.00000,5.7827e-04
2137,17506304,4.11790,0.00000,5.7812e-04
2138,17514496,4.09868,0.00000,5.7796e-04
2139,17522688,4.09540,0.00000,5.7781e-04
2140,17530880,4.04975,0.00000,5.7766e-04
2141,17539072,4.16408,0.00000,5.7750e-04
2142,17547264,4.26463,0.00000,5.7735e-04
2143,17555456,4.21250,0.00000,5.7719e-04
2144,17563648,4.05552,0.00000,5.7704e-04
2145,17571840,4.16745,0.00000,5.7688e-04
2146,17580032,4.21137,0.00000,5.7673e-04
2147,17588224,4.19742,0.00000,5.7657e-04
2148,17596416,4.15469,0.00000,5.7642e-04
2149,17604608,4.21049,0.00000,5.7626e-04
2150,17612800,4.20284,0.00000,5.7611e-04
2151,17620992,4.23727,0.00000,5.7595e-04
2152,17629184,4.07926,0.00000,5.7580e-04
2153,17637376,4.08403,0.00000,5.7564e-04
2154,17645568,4.11310,0.00000,5.7549e-04
2155,17653760,4.10970,0.00000,5.7533e-04
2156,17661952,4.25164,0.00000,5.7518e-04
2157,17670144,4.09080,0.00000,5.7502e-04
2158,17678336,4.04900,0.00000,5.7487e-04
2159,17686528,4.26319,0.00000,5.7471e-04
2160,17694720,4.21515,0.00000,5.7455e-04
2161,17702912,4.16562,0.00000,5.7440e-04
2162,17711104,4.19176,0.00000,5.7424e-04
2163,17719296,4.05122,0.00000,5.7409e-04
2164,17727488,4.14849,0.00000,5.7393e-04
2165,17735680,4.13961,0.00000,5.7378e-04
2166,17743872,4.06056,0.00000,5.7362e-04
2167,17752064,4.22666,0.00000,5.7346e-04
2168,17760256,4.05689,0.00000,5.7331e-04
2169,17768448,4.06518,0.00000,5.7315e-04
2170,17776640,4.10954,0.00000,5.7300e-04
2171,17784832,4.11886,0.00000,5.7284e-04
2172,17793024,4.19387,0.00000,5.7268e-04
2173,17801216,4.25068,0.00000,5.7253e-04
2174,17809408,4.09513,0.00000,5.7237e-04
2175,17817600,4.29430,0.00000,5.7222e-04
2176,17825792,4.10301,0.00000,5.7206e-04
2177,17833984,4.17732,0.00000,5.7190e-04
2178,17842176,4.18102,0.00000,5.7175e-04
2179,17850368,4.13677,0.00000,5.7159e-04
2180,17858560,4.09980,0.00000,5.7144e-04
2181,17866752,4.04589,0.00000,5.7128e-04
2182,17874944,3.96092,0.00000,5.7112e-04
2183,17883136,4.16245,0.00000,5.7097e-04
2184,17891328,4.15016,0.00000,5.7081e-04
2185,17899520,4.06681,0.00000,5.7065e-04
2186,17907712,3.88589,0.00000,5.7050e-04
2187,17915904,4.19311,0.00000,5.7034e-04
2188,17924096,4.11146,0.00000,5.7018e-04
2189,17932288,4.06638,0.00000,5.7003e-04
2190,17940480,4.16324,0.00000,5.6987e-04
2191,17948672,4.16905,0.00000,5.6971e-04
2192,17956864,4.18053,0.00000,5.6956e-04
2193,17965056,4.08833,0.00000,5.6940e-04
2194,17973248,4.10617,0.00000,5.6924e-04
2195,17981440,4.03649,0.00000,5.6908e-04
2196,17989632,4.21542,0.00000,5.6893e-04
2197,17997824,4.17242,0.00000,5.6877e-04
2198,18006016,4.08282,0.00000,5.6861e-04
2199,18014208,4.10656,0.00000,5.6846e-04
2200,18022400,4.12145,0.00000,5.6830e-04
2201,18030592,4.12576,0.00000,5.6814e-04
2202,18038784,4.19800,0.00000,5.6798e-04
2203,18046976,4.10971,0.00000,5.6783e-04
2204,18055168,4.25218,0.00000,5.6767e-04
2205,18063360,4.08540,0.00000,5.6751e-04
2206,18071552,4.12358,0.00000,5.6735e-04
2207,18079744,4.11628,0.00000,5.6720e-04
2208,18087936,4.11791,0.00000,5.6704e-04
2209,18096128,4.28867,0.00000,5.6688e-04
2210,18104320,4.17619,0.00000,5.6672e-04
2211,18112512,4.13288,0.00000,5.6657e-04
2212,18120704,4.11431,0.00000,5.6641e-04
2213,18128896,4.18766,0.00000,5.6625e-04
2214,18137088,4.11361,0.00000,5.6609e-04
2215,18145280,4.07405,0.00000,5.6593e-04
2216,18153472,4.23530,0.00000,5.6578e-04
2217,18161664,4.01552,0.00000,5.6562e-04
2218,18169856,3.89183,0.00000,5.6546e-04
2219,18178048,4.01985,0.00000,5.6530e-04
2220,18186240,4.07465,0.00000,5.6514e-04
2221,18194432,4.09448,0.00000,5.6499e-04
2222,18202624,4.00422,0.00000,5.6483e-04
2223,18210816,4.18047,0.00000,5.6467e-04
2224,18219008,4.06137,0.00000,5.6451e-04
2225,18227200,4.19654,0.00000,5.6435e-04
2226,18235392,4.10248,0.00000,5.6420e-04
2227,18243584,4.05255,0.00000,5.6404e-04
2228,18251776,4.02922,0.00000,5.6388e-04
2229,18259968,4.13379,0.00000,5.6372e-04
2230,18268160,4.10175,0.00000,5.6356e-04
2231,18276352,4.10533,0.00000,5.6340e-04
2232,18284544,4.15296,0.00000,5.6324e-04
2233,18292736,4.07840,0.00000,5.6309e-04
2234,18300928,4.07835,0.00000,5.6293e-04
2235,18309120,4.10891,0.00000,5.6277e-04
2236,18317312,4.11921,0.00000,5.6261e-04
2237,18325504,4.09378,0.00000,5.6245e-04
2238,18333696,4.13346,0.00000,5.6229e-04
2239,18341888,4.12365,0.00000,5.6213e-04
2240,18350080,4.05732,0.00000,5.6197e-04
2241,18358272,4.13543,0.00000,5.6182e-04
2242,18366464,4.10835,0.00000,5.6166e-04
2243,18374656,4.11425,0.00000,5.6150e-04
2244,18382848,3.98848,0.00000,5.6134e-04
2245,18391040,3.98069,0.00000,5.6118e-04
2246,18399232,3.89744,0.00000,5.6102e-04
2247,18407424,4.10469,0.00000,5.6086e-04
2248,18415616,4.06339,0.00000,5.6070e-04
2249,18423808,4.12320,0.00000,5.6054e-04
2250,18432000,4.30125,0.00000,5.6038e-04
2251,18440192,4.14530,0.00000,5.6022e-04
2252,18448384,3.97503,0.00000,5.6006e-04
2253,18456576,4.13537,0.00000,5.5990e-04
2254,18464768,4.18826,0.00000,5.5975e-04
2255,18472960,4.17249,0.00000,5.5959e-04
2256,18481152,4.22728,0.00000,5.5943e-04
2257,18489344,4.08248,0.00000,5.5927e-04
2258,18497536,4.10729,0.00000,5.5911e-04
2259,18505728,4.15848,0.00000,5.5895e-04
2260,18513920,4.11438,0.00000,5.5879e-04
2261,18522112,4.16485,0.00000,5.5863e-04
2262,18530304,4.12593,0.00000,5.5847e-04
2263,18538496,4.05984,0.00000,5.5831e-04
2264,18546688,4.02107,0.00000,5.5815e-04
2265,18554880,4.14420,0.00000,5.5799e-04
2266,18563072,4.14562,0.00000,5.5783e-04
2267,18571264,4.26397,0.00000,5.5767e-04
2268,18579456,4.12534,0.00000,5.5751e-04
2269,18587648,4.17858,0.00000,5.5735e-04
2270,18595840,4.03415,0.00000,5.5719e-04
2271,18604032,4.06444,0.00000,5.5703e-04
2272,18612224,3.98459,0.00000,5.5687e-04
2273,18620416,4.01760,0.00000,5.5671e-04
2274,18628608,4.02326,0.00000,5.5655e-04
2275,18636800,4.12036,0.00000,5.5639e-04
2276,18644992,4.08300,0.00000,5.5623e-04
2277,18653184,4.05989,0.00000,5.5607e-04
2278,18661376,4.23971,0.00000,5.5591e-04
2279,18669568,4.19789,0.00000,5.5574e-04
2280,18677760,4.06204,0.00000,5.5558e-04
2281,18685952,4.17516,0.00000,5.5542e-04
2282,18694144,4.03873,0.00000,5.5526e-04
2283,18702336,4.05180,0.00000,5.5510e-04
2284,18710528,4.27324,0.00000,5.5494e-04
2285,18718720,4.21433,0.00000,5.5478e-04
2286,18726912,4.06303,0.00000,5.5462e-04
2287,18735104,4.10515,0.00000,5.5446e-04
2288,18743296,4.15909,0.00000,5.5430e-04
2289,18751488,4.06776,0.00000,5.5414e-04
2290,18759680,4.25425,0.00000,5.5398e-04
2291,18767872,4.09149,0.00000,5.5382e-04
2292,18776064,4.06912,0.00000,5.5365e-04
2293,18784256,4.13592,0.00000,5.5349e-04
2294,18792448,4.11445,0.00000,5.5333e-04
2295,18800640,4.05051,0.00000,5.5317e-04
2296,18808832,3.99464,0.00000,5.5301e-04
2297,18817024,3.98267,0.00000,5.5285e-04
2298,18825216,4.16158,0.00000,5.5269e-04
2299,18833408,4.27686,0.00000,5.5253e-04
2300,18841600,4.08014,0.00000,5.5237e-04
2301,18849792,4.14126,0.00000,5.5220e-04
2302,18857984,4.13038,0.00000,5.5204e-04
2303,18866176,4.10556,0.00000,5.5188e-04
2304,18874368,4.12821,0.00000,5.5172e-04
2305,18882560,4.21069,0.00000,5.5156e-04
2306,18890752,4.00026,0.00000,5.5140e-04
2307,18898944,4.19364,0.00000,5.5124e-04
2308,18907136,4.17306,0.00000,5.5107e-04
2309,18915328,4.11332,0.00000,5.5091e-04
2310,18923520,4.20399,0.00000,5.5075e-04
2311,18931712,4.26424,0.00000,5.5059e-04
2312,18939904,4.19177,0.00000,5.5043e-04
2313,18948096,4.05157,0.00000,5.5026e-04
2314,18956288,4.13804,0.00000,5.5010e-04
2315,18964480,4.04463,0.00000,5.4994e-04
2316,18972672,4.01739,0.00000,5.4978e-04
2317,18980864,4.06685,0.00000,5.4962e-04
2318,18989056,4.17804,0.00000,5.4946e-04
2319,18997248,4.00870,0.00000,5.4929e-04
2320,19005440,4.06867,0.00000,5.4913e-04
2321,19013632,4.17361,0.00000,5.4897e-04
2322,19021824,4.05388,0.00000,5.4881e-04
2323,19030016,4.00821,0.00000,5.4864e-04
2324,19038208,4.10319,0.00000,5.4848e-04
2325,19046400,4.09082,0.00000,5.4832e-04
2326,19054592,3.99839,0.00000,5.4816e-04
2327,19062784,4.01264,0.00000,5.4800e-04
2328,19070976,4.07546,0.00000,5.4783e-04
2329,19079168,4.02705,0.00000,5.4767e-04
2330,19087360,4.08446,0.00000,5.4751e-04
2331,19095552,4.09417,0.00000,5.4735e-04
2332,19103744,4.08472,0.00000,5.4718e-04
2333,19111936,4.06928,0.00000,5.4702e-04
2334,19120128,4.19411,0.00000,5.4686e-04
2335,19128320,4.15050,0.00000,5.4670e-04
2336,19136512,4.07580,0.00000,5.4653e-04
2337,19144704,4.12796,0.00000,5.4637e-04
2338,19152896,4.27986,0.00000,5.4621e-04
2339,19161088,4.02407,0.00000,5.4604e-04
2340,19169280,4.12716,0.00000,5.4588e-04
2341,19177472,3.94884,0.00000,5.4572e-04
2342,19185664,3.95063,0.00000,5.4556e-04
2343,19193856,4.15492,0.00000,5.4539e-04
2344,19202048,4.06889,0.00000,5.4523e-04
2345,19210240,4.07083,0.00000,5.4507e-04
2346,19218432,4.02499,0.00000,5.4490e-04
2347,19226624,4.05106,0.00000,5.4474e-04
2348,19234816,3.89040,0.00000,5.4458e-04
2349,19243008,4.11426,0.00000,5.4441e-04
2350,19251200,4.18181,0.00000,5.4425e-04
2351,19259392,3.99995,0.00000,5.4409e-04
2352,19267584,4.06006,0.00000,5.4392e-04
2353,19275776,4.12237,0.00000,5.4376e-04
2354,19283968,4.09885,0.00000,5.4360e-04
2355,19292160,4.16762,0.00000,5.4343e-04
2356,19300352,4.07923,0.00000,5.4327e-04
2357,19308544,4.06379,0.00000,5.4311e-04
2358,19316736,4.23895,0.00000,5.4294e-04
2359,19324928,4.18656,0.00000,5.4278e-04
2360,19333120,4.19962,0.00000,5.4262e-04
2361,19341312,4.09429,0.00000,5.4245e-04
2362,19349504,4.23234,0.00000,5.4229e-04
2363,19357696,4.15067,0.00000,5.4213e-04
2364,19365888,4.16786,0.00000,5.4196e-04
2365,19374080,4.12460,0.00000,5.4180e-04
2366,19382272,4.09179,0.00000,5.4164e-04
2367,19390464,4.05994,0.00000,5.4147e-04
2368,19398656,3.94640,0.00000,5.4131e-04
2369,19406848,4.03143,0.00000,5.4114e-04
2370,19415040,4.11202,0.00000,5.4098e-04
2371,19423232,4.09891,0.00000,5.4082e-04
2372,19431424,4.01658,0.00000,5.4065e-04
2373,19439616,4.13683,0.00000,5.4049e-04
2374,19447808,4.17570,0.00000,5.4032e-04
2375,19456000,3.90122,0.00000,5.4016e-04
2376,19464192,4.06022,0.00000,5.4000e-04
2377,19472384,4.04321,0.00000,5.3983e-04
2378,19480576,4.04271,0.00000,5.3967e-04
2379,19488768,4.12189,0.00000,5.3950e-04
2380,19496960,4.00427,0.00000,5.3934e-04
2381,19505152,4.05464,0.00000,5.3917e-04
2382,19513344,4.07907,0.00000,5.3901e-04
2383,19521536,4.12523,0.00000,5.3885e-04
2384,19529728,4.13326,0.00000,5.3868e-04
2385,19537920,4.12105,0.00000,5.3852e-04
2386,19546112,4.13561,0.00000,5.3835e-04
2387,19554304,4.09990,0.00000,5.3819e-04
2388,19562496,4.09317,0.00000,5.3802e-04
2389,19570688,4.17214,0.00000,5.3786e-04
2390,19578880,4.10971,0.00000,5.3769e-04
2391,19587072,4.06435,0.00000,5.3753e-04
2392,19595264,4.16955,0.00000,5.3736e-04
2393,19603456,4.07970,0.00000,5.3720e-04
2394,19611648,4.06063,0.00000,5.3704e-04
2395,19619840,4.13491,0.00000,5.3687e-04
2396,19628032,4.18841,0.00000,5.3671e-04
2397,19636224,4.17672,0.00000,5.3654e-04
2398,19644416,4.06502,0.00000,5.3638e-04
2399,19652608,4.14656,0.00000,5.3621e-04
2400,19660800,3.99573,0.00000,5.3605e-04
2401,19668992,4.05252,0.00000,5.3588e-04
2402,19677184,4.10448,0.00000,5.3572e-04
2403,19685376,4.10917,0.00000,5.3555e-04
2404,19693568,4.08426,0.00000,5.3539e-04
2405,19701760,4.05254,0.00000,5.3522e-04
2406,19709952,4.11401,0.00000,5.3506e-04
2407,19718144,3.95062,0.00000,5.3489e-04
2408,19726336,4.07386,0.00000,5.3473e-04
2409,19734528,4.12048,0.00000,5.3456e-04
2410,19742720,4.13498,0.00000,5.3439e-04
2411,19750912,4.19596,0.00000,5.3423e-04
2412,19759104,4.12822,0.00000,5.3406e-04
2413,19767296,4.06292,0.00000,5.3390e-04
2414,19775488,4.00398,0.00000,5.3373e-04
2415,19783680,4.13817,0.00000,5.3357e-04
2416,19791872,3.90777,0.00000,5.3340e-04
2417,19800064,3.99832,0.00000,5.3324e-04
2418,19808256,4.16511,0.00000,5.3307e-04
2419,19816448,3.96143,0.00000,5.3291e-04
2420,19824640,4.14146,0.00000,5.3274e-04
2421,19832832,4.08727,0.00000,5.3257e-04
2422,19841024,4.27603,0.00000,5.3241e-04
2423,19849216,4.00569,0.00000,5.3224e-04
2424,19857408,3.91407,0.00000,5.3208e-04
2425,19865600,4.17360,0.00000,5.3191e-04
2426,19873792,4.13301,0.00000,5.3175e-04
2427,19881984,4.03666,0.00000,5.3158e-04
2428,19890176,4.15591,0.00000,5.3141e-04
2429,19898368,4.03193,0.00000,5.3125e-04
2430,19906560,4.06821,0.00000,5.3108e-04
2431,19914752,4.04260,0.00000,5.3092e-04
2432,19922944,4.20004,0.00000,5.3075e-04
2433,19931136,4.12520,0.00000,5.3058e-04
2434,19939328,4.07753,0.00000,5.3042e-04
2435,19947520,4.04107,0.00000,5.3025e-04
2436,19955712,4.05150,0.00000,5.3009e-04
2437,19963904,3.91055,0.00000,5.2992e-04
2438,19972096,4.07717,0.00000,5.2975e-04
2439,19980288,3.99881,0.00000,5.2959e-04
2440,19988480,3.97426,0.00000,5.2942e-04
2441,19996672,4.07187,0.00000,5.2925e-04
